teta0,CrimRate,PropZn,PropIndus,IsChasRiver,NoxConc,AvgRooms,PropOldHouse,DistEmpCent,AccessRad,TaxRate,PupilTeachRatio,EthnicIndex,LowStatPerc
1,-0.4094315049431021,-0.487240187226823,-1.0330049659513998,0,-0.3857089731137185,0.1869661363650648,0.5515355875254571,-0.5455369536484106,-0.5224843907669945,-0.6659491794887334,-0.8570809641687254,0.425280968884204,-0.5059560452412911
1,-0.4135400691100319,1.2278452718115942,-0.6889993411196211,3,-0.9293857394715638,0.6737177096864694,-1.267365690927071,0.1341862342208958,-0.6373310900407126,-0.9151524468942585,-0.3951755771526689,0.4406158949990941,-1.2775500150234462
1,-0.4078085407164371,-0.487240187226823,2.4201701409404794,0,0.4686402311628952,-0.4293012064658377,1.0737591967686635,-0.9151034909221436,-0.6373310900407126,1.7964164389229995,0.7595878903874723,0.3662415033418761,0.7585618399007891
1,-0.4094477810886417,-0.487240187226823,-0.0476329219417286,0,-1.2227985975059563,-0.3125946888858507,-2.1590536223559478,0.708671765112742,-0.6373310900407126,-0.6125484793304067,0.3438730420730204,0.3750043182646707,-0.998879960601216
1,0.171672231512488,-0.487240187226823,1.0149946225598254,0,1.3661383851504492,0.0175993608526452,0.8250812876052318,-0.67760641396173,1.6596028954336497,1.5294129381313657,0.8057784290890769,0.31125483970134,0.6465336773189878
1,-0.4082979876644499,-0.487240187226823,0.2468125704990309,0,-1.015683638893444,-0.0080191430063756,0.2104915978156081,0.1221237951991109,-0.5224843907669945,-0.0607412443610303,0.1129203485649922,0.1860561214919139,-0.0956528997854443
1,-0.3831001892054692,-0.487240187226823,-0.1802791586353381,0,-0.0922961150793255,-0.5275054712587528,0.519562713490159,0.0966691994681008,-0.6373310900407126,-0.6184818904591097,-0.0256512675398249,0.3727040793474367,0.794970992739874
1,-0.386282175658465,-0.487240187226823,1.5674443336244186,0,0.5980870802957157,-0.1574604155173327,0.8890270356758285,-1.0367726593229791,-0.6373310900407126,0.1706617896583853,1.2676838161051334,0.3440058604752846,1.61137622755475
1,0.0493965255642663,-0.487240187226823,1.0149946225598254,0,-0.1958535943855819,-0.0791816537258791,0.7860033304509785,-0.330407627787448,1.6596028954336497,1.5294129381313657,0.8057784290890769,0.4234188707131099,0.0303787831190816
1,-0.3940156699534332,-0.487240187226823,-0.2108898286415559,0,0.2615252725503825,-0.3666781970326738,0.3952237589084432,-0.6158695213305486,-0.4076376914932763,-0.1022751222619512,0.3438730420730204,0.4406158949990941,0.2348301798308687
1,-0.407233062713429,-0.487240187226823,0.4013235714827959,3,-0.0405173754261974,-0.4748452133263201,0.8961321187947838,-0.4301364543455101,-0.5224843907669945,-0.7846174020627928,-0.949462041571938,0.4406158949990941,0.7375565594167015
1,-0.4003331395864543,0.0487240187226822,-0.476182302028775,0,-0.2648919139230861,-0.3994129519636463,0.6154813355960541,1.328320207460168,-0.5224843907669945,-0.576948012558189,-1.5037485059912057,0.328999539919999,0.6227276927703553
1,4.898256758145449,-0.487240187226823,1.0149946225598254,0,1.1935425863066882,-2.512939520332904,1.1163896954823946,-1.014784827562797,1.6596028954336497,1.5294129381313657,0.8057784290890769,-2.939968567028496,3.406627532928112
1,-0.4135377439463835,-0.487240187226823,0.2468125704990309,0,-1.015683638893444,-0.0749119030827087,-0.5284370465557314,0.578929310752444,-0.5224843907669945,-0.0607412443610303,0.1129203485649922,0.3256039491374161,-0.0438398745913614
1,-0.3870936577717975,-0.487240187226823,-0.5476071987099493,0,-0.532415402130915,-0.8206950154231071,0.2033865146966528,0.4397838527452429,-0.5224843907669945,-0.7193498796470602,0.528635196879444,0.3774140923684388,-0.1278609965277123
1,0.1201373044067531,-0.487240187226823,1.0149946225598254,0,0.5117891808738354,0.9896792572810664,-0.0346337697883459,-0.599390519989764,1.6596028954336497,1.5294129381313657,0.8057784290890769,0.1972287105184767,-0.1390638127858924
1,-0.4086514125390245,-0.487240187226823,2.115521091830981,0,0.2270061127816304,-0.5773192287624055,0.9671829499843356,-0.849472425063457,-0.8670244885881488,-1.3067575813886545,0.2976825033714157,0.2487102481898943,0.6899445903194356
1,1.2463082285113898,-0.487240187226823,1.0149946225598254,0,1.2539511159020047,-1.9991461929380885,1.1163896954823946,-1.0474104008225058,1.6596028954336497,1.5294129381313657,0.8057784290890769,0.1779505176883288,2.516003640402793
1,-0.4184961554268464,2.9429307308500112,-1.556301657962453,0,-1.1451304880262645,2.2634881991601805,-1.2993385649623697,0.8801578568752001,-0.6373310900407126,-0.9092190357655552,-1.87327281560405,0.4113700001942678,-1.355969728830707
1,0.664481366161111,-0.487240187226823,1.0149946225598254,0,1.3661383851504492,-0.141804663159043,1.0702066552091862,-0.7282306659192986,1.6596028954336497,1.5294129381313657,0.8057784290890769,0.4406158949990941,0.7669639520944238
1,-0.4012550669730914,0.3703025422923854,-0.6088285387223845,0,-0.7826793104543672,-0.0635259013675881,-1.857087589800352,0.3010658039947196,-0.7521777893144308,-1.0990881918840498,0.0667298098633874,0.4406158949990941,-0.8490422931480569
1,-0.4108266031322124,1.2278452718115942,-0.6889993411196211,0,-0.9293857394715638,0.2809006505148095,-1.2957860234028915,0.1639624124360883,-0.6373310900407126,-0.9151524468942585,-0.3951755771526689,0.4406158949990941,-0.765021171211706
1,-0.2886357656571616,-0.487240187226823,-0.4368257263064951,0,-0.1440748547324536,-0.813578764351157,0.9067897434732166,0.2079855658738614,-0.6373310900407126,-0.6006816570730008,1.1753027387019226,0.0382931548562912,1.3929213105202378
1,-0.4128204309608159,-0.487240187226823,0.1156239847580983,0,0.1579677932441262,0.4388814243121073,0.0186543536038178,-0.6251775451426343,-0.981871187861867,-0.8024176354489018,1.1753027387019226,0.3868341184104431,-0.4177338672081226
1,0.3963318683958668,-0.487240187226823,1.0149946225598254,0,1.4092873348613892,-0.3965664515348653,0.9494202421869478,-0.9120166462905844,1.6596028954336497,1.5294129381313657,0.8057784290890769,-0.4019287598275983,0.4266784082522031
1,0.5164498224782643,-0.487240187226823,1.0149946225598254,0,0.2528954826081945,-1.2206283256667183,0.9529727837464256,-0.6483526248380317,1.6596028954336497,1.5294129381313657,0.8057784290890769,-0.044844051723722,0.7683643041266967
1,-0.4103511071660906,-0.487240187226823,0.2468125704990309,0,-1.015683638893444,-0.5844354798343556,-1.1359216532264,0.33601838320745,-0.5224843907669945,-0.0607412443610303,0.1129203485649922,0.4314149393301602,-0.4975539330476559
1,0.6859356511459788,-0.487240187226823,1.0149946225598254,0,1.3661383851504492,0.6310202032547668,0.9067897434732166,-0.6168668095961292,1.6596028954336497,1.5294129381313657,0.8057784290890769,-3.8336661539670014,0.84818436996623
1,-0.399819278420132,-0.487240187226823,-0.0797012429006232,3,-0.5669345618996671,-0.4620359613968091,0.8357389122836645,0.0389689498166506,-0.6373310900407126,-0.7786839909340899,0.0667298098633874,0.4006355519138444,0.6465336773189878
1,-0.3889003099266954,-0.487240187226823,-0.2108898286415559,0,0.2615252725503825,-0.6982954969855617,0.0719424769959818,-0.4285217971536176,-0.4076376914932763,-0.1022751222619512,0.3438730420730204,0.4406158949990941,0.2026220830886008
1,-0.4039255174234133,-0.487240187226823,-1.0330049659513998,0,-0.3857089731137185,-1.014257044580157,0.7078474161424714,-0.5693768921875284,-0.5224843907669945,-0.6659491794887334,-0.8570809641687254,0.4406158949990941,0.2852428529926791
1,-0.4006168095515734,-0.487240187226823,-0.5476071987099493,0,-0.532415402130915,0.2011986385089653,-0.5781726283884179,0.3539695719879011,-0.5224843907669945,-0.7193498796470602,0.528635196879444,0.4406158949990941,-0.7636208191794335
1,1.8596166440807669,-0.487240187226823,1.0149946225598254,0,1.0036872075785528,1.4636215786729598,1.0417863227333657,-1.1771528551828037,1.6596028954336497,1.5294129381313657,0.8057784290890769,0.4406158949990941,0.1101988489586149
1,0.0075214908362961,-0.487240187226823,1.0149946225598254,0,1.8580364118551664,-1.3131395896020726,0.9813931162222462,-0.8032647354248882,1.6596028954336497,1.5294129381313657,0.8057784290890769,0.26415470949132,-0.3449155615299519
1,0.0940245540520808,-0.487240187226823,1.0149946225598254,0,0.2528954826081945,-0.4008362021780356,0.9209999097111272,-0.5958762661015278,1.6596028954336497,1.5294129381313657,0.8057784290890769,-0.2780444638565908,1.213676250389356
1,-0.1702419204201394,-0.487240187226823,1.2307269635560247,0,2.7296451960161567,-0.8192717652087178,1.0631015720902308,-1.0314062986558077,-0.5224843907669945,-0.0310741887175155,-1.7347011994992336,-1.037561447289806,0.4392815765426556
1,-0.4169289951277458,-0.487240187226823,-0.5927943782429372,0,-0.7395303607434276,1.28144555123103,-0.2655489711543894,0.5566090495704018,-0.8670244885881488,-0.986353380438694,-0.3027944997494579,0.3960350740793771,-1.2075324134098204
1,-0.4161175130144132,-0.487240187226823,-0.8668327573462186,0,-0.3425600234027784,-0.591551730906306,-0.7913251219570736,0.681982431529108,-0.5224843907669945,-1.0931547807553472,0.8057784290890769,0.4406158949990941,-0.3995292907885799
1,-0.4043056816799459,-0.487240187226823,-0.0797012429006232,3,-0.5669345618996671,-0.3140179391002413,-0.3365998023439413,0.2109299407531949,-0.6373310900407126,-0.7786839909340899,0.0667298098633874,0.2699600743776711,0.2810417968958617
1,-0.3973859946619587,-0.487240187226823,-0.0476329219417286,0,-1.2227985975059563,-0.0564096502956379,-2.2158942873075884,0.708671765112742,-0.6373310900407126,-0.6125484793304067,0.3438730420730204,0.2245029719656747,-0.7160088500821681
1,-0.3864333112956186,-0.487240187226823,-0.2108898286415559,0,0.2615252725503825,-1.273288583599151,0.1536509328639667,-0.4732098094351112,-0.4076376914932763,-0.1022751222619512,0.3438730420730204,0.4406158949990941,1.1884699138084505
1,-0.414367827368904,0.927705316479871,-1.305585694102004,0,-0.7136409909168635,0.8032334791959664,0.0612848523175491,-0.2908010366686747,-0.2927909922195582,-1.105021603012753,-0.0256512675398249,0.4406158949990941,-0.7174092021144406
1,-0.4177660540412119,3.5860877779894174,-1.2327031464681526,0,-1.1960462486851733,2.4897849832482035,-1.3028911065218474,0.6282713349399806,-0.6373310900407126,-1.0931547807553472,-1.7347011994992336,0.3710610515494129,-1.3685728971211597
1,-0.4043440468801464,0.0487240187226822,-0.73855947351064,0,-1.2573177572747087,-0.9829455398635752,-1.1288165701074448,1.2836321951786749,-0.6373310900407126,-0.3752120341822879,0.2053014259682031,0.4406158949990941,0.061186527829077
1,-0.4146561476613202,-0.487240187226823,-1.1262946269227294,0,-0.5669345618996671,0.1883893865794541,-0.0879218931805099,-0.3337319220060501,-0.8670244885881488,-0.8202178688350107,-0.3027944997494579,0.3889152869546068,-0.5381641419835588
1,0.3893052238500479,-0.487240187226823,1.0149946225598254,0,1.2539511159020047,-0.813578764351157,1.0098134486980668,-0.8873693791555206,1.6596028954336497,1.5294129381313657,0.8057784290890769,0.4135607039249663,0.6241280448026276
1,-0.2862048070626369,-0.487240187226823,-0.4368257263064951,0,-0.1440748547324536,-0.8306577669238384,0.938762617508515,-0.0037244859336817,-0.6373310900407126,-0.6006816570730008,1.1753027387019226,0.0229582287414003,0.7977716968044195
1,-0.4098407337452411,-0.487240187226823,-0.0476329219417286,0,-1.2227985975059563,0.1883893865794541,-2.2016841210696785,0.708671765112742,-0.6373310900407126,-0.6125484793304067,0.3438730420730204,0.2963580543325898,-0.8308377167285141
1,0.0854807402256045,-0.487240187226823,1.0149946225598254,0,0.2183763228394424,-0.167423167018064,0.5479830459659796,-0.3617034833597161,1.6596028954336497,1.5294129381313657,0.8057784290890769,0.4406158949990941,0.5092991781562813
1,-0.419366929213216,0.2845482693404645,-1.2866362317172024,0,-0.1440748547324536,0.4132629204530862,-0.119894767215808,0.140074983979562,-0.981871187861867,-0.6659491794887334,-1.4575579672895993,0.4406158949990941,-1.0744989703439316
1,-0.4064448322365818,0.0487240187226822,-0.476182302028775,0,-0.2648919139230861,-0.3922967008916949,0.5089050888117264,1.15479204924914,-0.5224843907669945,-0.576948012558189,-1.5037485059912057,0.4406158949990941,0.0863928644099822
1,-0.4157943152672694,0.3703025422923854,-1.1379558345441456,0,-0.9647678782345344,0.972600254708385,-1.1146064038695342,0.688441060296678,-0.5224843907669945,-1.140622069784971,-1.642320122096022,0.3894629628872815,-1.1291126996025598
1,-0.2768169588317488,-0.487240187226823,-0.4368257263064951,0,-0.1440748547324536,-0.2030044223778151,0.8215287460457544,0.0863638873904344,-0.6373310900407126,-0.6006816570730008,1.1753027387019226,0.4406158949990941,0.8495847219985021
1,-0.4068110455112231,-0.487240187226823,-0.37560438629406,0,-0.2994110736918381,0.7064524646174407,0.096810267912325,-0.4459031069251656,-0.5224843907669945,-0.1438090001628719,1.1291122000003162,0.4261572503764832,-0.6978042736626254
1,-0.3572641333249705,0.3703025422923854,-1.0446661735728158,0,0.1752273731285022,1.6870718623322012,-0.567515003709985,-0.4383522100571981,-0.5224843907669945,-0.8558183356072285,-2.5199403574265293,0.3683226718860397,-1.3293630402175292
1,0.0069925161062585,-0.487240187226823,1.0149946225598254,0,0.2442656926660065,0.038948114068497,-0.5923827946263283,0.0933923951669072,1.6596028954336497,1.5294129381313657,0.8057784290890769,0.3499207605481711,-0.2903018322713239
1,0.2386601962262679,-0.487240187226823,1.0149946225598254,0,1.5991427135895258,-0.0934141558697796,1.1163896954823946,-0.8501847738245861,1.6596028954336497,1.5294129381313657,0.8057784290890769,0.4273621374283676,0.5513097391244569
1,-0.4160303193775938,2.9429307308500112,-0.9018163802104672,0,-1.2400581773903327,0.8203124817686466,-1.444992768900951,0.6276539660136685,-0.6373310900407126,-0.968553147052585,0.3438730420730204,0.4406158949990941,-1.3055570556688962
1,-0.4142201794772232,-0.487240187226823,-0.9688683240336106,0,-0.9121261595871878,0.1485383805765326,-0.7309319154459544,0.4674704745944574,-0.7521777893144308,-0.956686324795179,0.0205392711617812,0.4406158949990941,-0.4247356273694853
1,-0.3978580028826078,0.4560568152443063,-0.7691701435168575,0,-1.0674623785465722,-0.9672897875052842,0.0577323107580716,1.975512801904583,-0.2927909922195582,-0.4642132011128324,0.2976825033714157,0.3555070550614525,0.8131755691594171
1,-0.4053950208492762,0.5846882246721876,-0.8755786630622807,0,-0.8776069998184355,0.679410710544029,-0.8943488271819238,1.9878601804308196,-0.17794429294584,-0.7371501130331691,0.5748257355810487,0.4261572503764832,-0.4415398517567553
1,-0.4185775361545444,3.371702095609616,-1.4455201855589983,0,-1.3090964969278365,1.372533564951995,-1.6581452624696065,2.327745519324176,-0.5224843907669945,-1.0812879584979411,-0.2566039610478532,0.4299909819052061,-1.0983049548925643
1,-0.3687411410940514,-0.487240187226823,-0.7196100111258387,0,-0.4374877127668467,0.3805281655221137,-1.6759079702669948,-0.1994304355745263,-0.17794429294584,-0.6006816570730008,-0.4875566545558815,0.2592256260972476,-1.2453419182811785
1,-0.326780075311086,-0.487240187226823,-0.4368257263064951,0,-0.1440748547324536,-1.1793540694494051,-1.1359216532264,0.0006920763853181,-0.6373310900407126,-0.6006816570730008,1.1753027387019226,-0.7413783028993511,-0.1348627566890748
1,-0.4108591554232916,2.0853880013308026,-1.3770105907831784,0,-1.2400581773903327,0.4189559213106459,-1.160789444142743,3.2840499861811745,-0.6373310900407126,0.016393100312108,-0.0718418062414296,0.154509987769853,-1.0030810166980335
1,-0.3694468282613763,-0.487240187226823,-0.0797012429006232,3,-0.5669345618996671,-1.338758093461094,1.1163896954823946,0.0379716615510699,-0.6373310900407126,-0.7786839909340899,0.0667298098633874,0.4406158949990941,1.4615385601015909
1,0.5932918307344602,-0.487240187226823,1.0149946225598254,0,1.1935425863066882,0.2652448981565184,1.0737591967686635,-0.9827291333119916,1.6596028954336497,1.5294129381313657,0.8057784290890769,0.3867245832239083,0.6255283968349002
1,-0.4158477940311853,0.5846882246721876,-0.9149352387845604,0,-1.110611328257512,0.0247156119245953,-1.292233481843414,0.7625253314540954,-0.6373310900407126,-0.7549503464192779,0.2514919646698094,0.4406158949990941,-0.8308377167285141
1,-0.4168894673457209,2.7285450484702096,-1.1933465707458726,0,-1.0933517483731363,0.441727924740887,-1.661697804029084,0.7627152911237297,-0.7521777893144308,-0.9270192691516642,-0.0718418062414296,0.4267049263091581,-1.1669222044739176
1,0.1226880089291764,-0.487240187226823,1.0149946225598254,0,1.3661383851504492,-0.4392639579665678,0.686532166785606,-0.5767378293858614,1.6596028954336497,1.5294129381313657,0.8057784290890769,-3.792042783083728,0.8901949309344054
1,-0.3982032896844126,-0.487240187226823,-0.6161167934857698,0,-0.9207559495293756,-0.7096814987006822,-1.2531555246891608,0.6199131094760666,-0.7521777893144308,-1.0397540805970205,-0.2566039610478532,0.4406158949990941,0.2096238432499635
1,0.2435209508334931,-0.487240187226823,1.0149946225598254,0,-0.1958535943855819,0.6623317079713489,0.2247017640535187,-0.2200410597298591,1.6596028954336497,1.5294129381313657,0.8057784290890769,0.3986639185562156,-0.6880018094367178
1,1.0682704479444292,-0.487240187226823,1.0149946225598254,0,1.5991427135895258,-0.6129004841221565,0.9956032824601564,-0.9020437636347782,1.6596028954336497,1.5294129381313657,0.8057784290890769,-1.2722953520341642,1.5595632023606667
1,-0.4077097212613751,2.9429307308500112,-1.3449422698242837,0,-1.2227985975059563,-0.4961939665421708,-1.743406259897069,3.2248775490900567,-0.6373310900407126,-0.4404795565980205,1.637208125717979,0.2121254958872275,-0.9918782004398532
1,-0.4099790809823279,-0.487240187226823,0.2468125704990309,0,-1.015683638893444,-0.2058509228065962,-0.8090878297544616,0.1403124335666049,-0.5224843907669945,-0.0607412443610303,0.1129203485649922,0.3317379195833723,-0.3337127452717718
1,4.038608879833917,-0.487240187226823,1.0149946225598254,0,1.1935425863066882,-1.1836238200925755,1.1163896954823946,-1.0948528283136982,1.6596028954336497,1.5294129381313657,0.8057784290890769,0.4406158949990941,2.511802584305977
1,-0.4038720386594974,-0.487240187226823,-0.37560438629406,0,-0.2994110736918381,-0.167423167018064,0.7611355395346353,-0.6525317375699887,-0.5224843907669945,-0.1438090001628719,1.1291122000003162,0.3945015814678882,-0.0452402266236339
1,-0.4160210187229997,3.5860877779894174,-1.2327031464681526,0,-1.1960462486851733,2.2321766944435995,-1.256708066248638,0.6282713349399806,-0.6373310900407126,-1.0931547807553472,-1.7347011994992336,0.3954873981467022,-1.2383401581198157
1,1.425427210174911,-0.487240187226823,1.0149946225598254,0,1.0036872075785528,0.3705654140213836,1.0844168214470962,-1.0807958127607522,1.6596028954336497,1.5294129381313657,0.8057784290890769,0.4406158949990941,1.1800678016148152
1,-0.3987834180147176,-0.487240187226823,2.4201701409404794,0,0.4686402311628952,-1.2391305784537894,1.0559964889712754,-0.968624627841637,-0.6373310900407126,1.7964164389229995,0.7595878903874723,-0.1382775658380183,1.5847695389415717
1,-0.4052020322664493,0.0487240187226822,-0.73855947351064,0,-1.2573177572747087,-0.5687797274760646,-1.2638131493675937,1.2836321951786749,-0.6373310900407126,-0.3752120341822879,0.2053014259682031,0.4406158949990941,-0.540964846048104
1,0.4406611133548468,-0.487240187226823,1.0149946225598254,0,0.3650827518566388,-0.950210784932604,1.0417863227333657,-1.1114268094893,1.6596028954336497,1.5294129381313657,0.8057784290890769,-0.4604205494372521,1.925055082783793
1,-0.4159768406136779,2.9429307308500112,-1.0927686550111575,0,-1.4040241862919047,-0.5815889794055746,-1.7576164261349791,2.5764502167930194,-0.981871187861867,-0.553214368043377,-0.949462041571938,0.4217758429150863,-0.4765486525635681
1,0.9259239293822074,-0.487240187226823,1.0149946225598254,0,1.2539511159020047,-1.7771191594932372,1.0098134486980668,-0.9616910998999812,1.6596028954336497,1.5294129381313657,0.8057784290890769,0.4406158949990941,1.824229736460172
1,-0.3896780771671243,-0.487240187226823,-0.1802791586353381,0,-0.0922961150793255,-0.3723711978902347,0.7753457057725458,-0.4563983786724664,-0.6373310900407126,-0.6184818904591097,-0.0256512675398249,0.4340437838069986,-0.1306617005922572
1,-0.3680284784357808,-0.487240187226823,-0.7196100111258387,3,-0.4115983429402826,0.6281737028259871,-0.0737117269425993,-0.0679783441875188,-0.17794429294584,-0.6006816570730008,-0.4875566545558815,0.0386217604158956,-0.6445908964362698
1,0.139347806470802,-0.487240187226823,1.0149946225598254,0,1.3661383851504492,0.5925924474662347,0.7611355395346353,-0.5687120333438077,1.6596028954336497,1.5294129381313657,0.8057784290890769,-1.11116909264128,0.5275037545758243
1,-0.3804471774825111,-0.487240187226823,-0.5476071987099493,0,-0.532415402130915,0.1855428861506742,-1.0115826986446843,0.4397838527452429,-0.5224843907669945,-0.7193498796470602,0.528635196879444,0.4406158949990941,-0.9148588386648652
1,-0.4167592581814039,0.7133196341000689,0.568953431040654,0,-0.7826793104543672,-0.1048001575849001,-1.409467353306175,-0.0613297557503145,-0.6373310900407126,-0.8202178688350107,-0.1180323449430359,0.4343723893666031,-0.9022556703744125
1,-0.3791404355120445,-0.487240187226823,1.5674443336244186,0,0.5980870802957157,0.2410496445118867,1.059549030530753,-0.9237941458079174,-0.6373310900407126,0.1706617896583853,1.2676838161051334,0.4097269723962435,0.2712393326699541
1,-0.4119380313562035,-0.487240187226823,-1.0330049659513998,0,-0.3857089731137185,-0.3766409485334051,-0.759352247921775,-0.1140435640738618,-0.5224843907669945,-0.6659491794887334,-0.8570809641687254,0.4004164815407747,-0.3561183777881321
1,2.595705326110094,-0.487240187226823,1.0149946225598254,0,1.072725527116057,-1.395688102036697,0.7291626654993367,-1.0198662487255172,1.6596028954336497,1.5294129381313657,0.8057784290890769,-2.5117955228634483,1.9586635315583332
1,-0.281412644783043,-0.487240187226823,1.5674443336244186,0,0.5980870802957157,0.0588736170699572,1.03468123961441,-0.7237666136828902,-0.6373310900407126,0.1706617896583853,1.2676838161051334,0.4406158949990941,-0.0550426908495416
1,-0.4129378517250659,-0.487240187226823,-0.9834448335603808,0,-0.9725346891825036,-0.5502774746889939,-0.5781726283884179,2.00338938342343,-0.7521777893144308,-0.333678156281367,0.1591108872665985,0.0869267776778007,0.0023717424736313
1,0.1095554846423514,-0.487240187226823,1.0149946225598254,0,1.4092873348613892,-3.8764132257185935,0.686532166785606,-1.0361552903966675,1.6596028954336497,1.5294129381313657,0.8057784290890769,-0.0216225921783165,-0.7748236354376136
1,-0.3515035403857692,-0.487240187226823,1.5674443336244186,0,0.5980870802957157,0.1243431269319009,1.0417863227333657,-0.6969823002644392,-0.6373310900407126,0.1706617896583853,1.2676838161051334,0.3185936971991805,-0.2146828225286083
1,0.653228736684112,-0.487240187226823,1.0149946225598254,0,0.6584956098910318,-0.0976839065129499,1.1163896954823946,-1.2470580136082643,1.6596028954336497,1.5294129381313657,0.8057784290890769,0.1037951964041797,-0.4373387956599379
1,1.766830988686689,-0.487240187226823,1.0149946225598254,0,0.3650827518566388,-2.357805246964386,1.1163896954823946,-1.0643168114199677,1.6596028954336497,1.5294129381313657,0.8057784290890769,-3.5914838565382685,3.041135652504986
1,1.256434316200682,-0.487240187226823,1.0149946225598254,0,1.5991427135895258,0.251012396012618,0.8783694109973958,-0.8512295520075751,1.6596028954336497,1.5294129381313657,0.8057784290890769,-3.605723430787809,0.7557611358362439
1,1.213407162884872,-0.487240187226823,1.0149946225598254,0,0.3650827518566388,0.5299694380330722,1.1163896954823946,-1.0768541496158386,1.6596028954336497,1.5294129381313657,0.8057784290890769,-3.522914829767401,1.1996727300666306
1,-0.4140702064218938,-0.487240187226823,-0.9688683240336106,0,-0.9121261595871878,-0.3837571996053553,-0.8339556206708046,0.3002109854813647,-0.7521777893144308,-0.956686324795179,0.0205392711617812,0.4306481930244156,0.0289784310868091
1,-0.4090432026137997,-0.487240187226823,0.2468125704990309,0,-1.015683638893444,0.0019436084943542,-0.8375081622302822,0.33601838320745,-0.5224843907669945,-0.0607412443610303,0.1129203485649922,0.2908812950058432,-0.5199595655640162
1,1.326491496930505,-0.487240187226823,1.0149946225598254,0,0.5117891808738354,-1.395688102036697,1.0204710733764992,-0.8046419430297378,1.6596028954336497,1.5294129381313657,0.8057784290890769,-0.0787999595495504,1.7164026299751884
1,-0.3471624598539876,-0.487240187226823,-0.4368257263064951,0,-0.1440748547324536,-0.6413654884099587,-0.4289658828903587,0.3341187865111057,-0.6373310900407126,-0.6006816570730008,1.1753027387019226,0.4265953911226232,-0.5857761110808242
1,-0.4160721723232671,1.013459589431792,-0.7400171244633172,0,-1.0079168279454744,-0.3609851961751142,-1.6084096806369204,1.351400307320748,-0.981871187861867,-0.6184818904591097,-0.7185093480639098,0.0610764736555568,-0.6753986411462651
1,0.3995673336127784,-0.487240187226823,1.0149946225598254,0,0.5117891808738354,-0.2585111807390289,0.5870610031202329,-0.8421114878651239,1.6596028954336497,1.5294129381313657,0.8057784290890769,-3.8792327915655336,1.4895456007470411
1,-0.3357214921214589,-0.487240187226823,-0.4368257263064951,0,-0.1440748547324536,-0.7936532613496955,0.0328645198417284,0.0006920763853181,-0.6373310900407126,-0.6006816570730008,1.1753027387019226,0.37544245901081,-0.192277190012248
1,-0.3977963860459221,-0.487240187226823,-0.5476071987099493,0,-0.532415402130915,0.2083148895809155,-1.913928254751993,0.7697437989002028,-0.5224843907669945,-0.7193498796470602,0.528635196879444,0.4053455649348466,-1.0604954500212065
1,-0.4154966943202591,-0.487240187226823,-0.8668327573462186,0,-0.3425600234027784,-0.3524456948887735,-1.2105250259754297,1.0401513886247769,-0.5224843907669945,-1.0931547807553472,0.8057784290890769,0.4406158949990941,-0.65019230456536
1,-0.417712575277296,3.1573164132298146,-1.515487431287496,0,-1.2486879673325209,0.1399988792901919,-1.1678945272616983,2.560921013800407,-0.8670244885881488,-0.565081190300783,-0.5337471932574862,0.4406158949990941,-0.963871159794403
1,1.344372005387602,-0.487240187226823,1.0149946225598254,0,1.5991427135895258,-0.1887719202339147,1.1163896954823946,-0.8932106389967785,1.6596028954336497,1.5294129381313657,0.8057784290890769,-3.804748864721781,1.9320568429451552
1,1.2584688343931347,-0.487240187226823,1.0149946225598254,0,0.3650827518566388,0.8075032298391368,1.1163896954823946,-1.1062978984091711,1.6596028954336497,1.5294129381313657,0.8057784290890769,-1.942212552881805,0.998022037419389
1,-0.4157559500670688,-0.487240187226823,-0.8668327573462186,0,-0.3425600234027784,0.036101613639716,-1.0684233635963258,1.2648261878848686,-0.5224843907669945,-1.0931547807553472,0.8057784290890769,0.3584645050978955,-0.8266366606316967
1,-0.4120938173206543,-0.487240187226823,-1.2647714674270474,0,-0.5755643518418551,-0.2001579219490353,-0.2264710140001358,-0.5685220736741734,-0.7521777893144308,-1.2770905257451393,-0.3027944997494579,0.4406158949990941,-0.448541611918118
1,-0.3721591316573716,-0.487240187226823,-0.7196100111258387,0,-0.4374877127668467,1.2501340465144497,0.4023288420273985,-0.2751293639238364,-0.17794429294584,-0.6006816570730008,-0.4875566545558815,0.1687495620193942,-0.8812503898903247
1,1.1974449144378012,-0.487240187226823,1.0149946225598254,0,1.3661383851504492,-0.1090699082280705,0.938762617508515,-0.7469416933782874,1.6596028954336497,1.5294129381313657,0.8057784290890769,-2.804583076471321,0.3524597505417599
1,-0.4124425918679318,-0.487240187226823,-1.2647714674270474,0,-0.5755643518418551,2.1069306755772725,0.5231152550496364,-0.5005640018624654,-0.7521777893144308,-1.2770905257451393,-0.3027944997494579,0.4259381800034135,-0.7132081460176231
1,-0.3223820282699158,-0.487240187226823,-0.4368257263064951,0,-0.1440748547324536,-0.975829288791625,0.6083762524770988,0.3132232228513214,-0.6373310900407126,-0.6006816570730008,1.1753027387019226,-0.5833190287294449,0.540106922866277
1,-0.3999529753299218,-0.487240187226823,-0.2108898286415559,0,0.2615252725503825,-0.8221182656374976,-0.5177794218772988,-0.6711952751115688,-0.4076376914932763,-0.1022751222619512,0.3438730420730204,0.4406158949990941,-0.0900514916563544
1,-0.4105173563669596,0.7990739070519898,-0.9047316821158212,0,-1.0933517483731363,0.2794774003004189,-1.7789316754918447,1.1373157596427748,-0.4076376914932763,-0.6422155349739216,-0.8570809641687254,0.2490388537494995,-0.8812503898903247
1,-0.3961431946918264,0.4560568152443063,-0.7691701435168575,0,-1.0674623785465722,-0.9843687900779658,0.2815424290051601,1.975512801904583,-0.2927909922195582,-0.4642132011128324,0.2976825033714157,0.1732405046673268,-0.0214342420750011
1,-0.4037906579317993,0.4560568152443063,-0.7691701435168575,0,-1.0674623785465722,0.2880169015867596,-1.9743214612631124,1.7104240829297717,-0.2927909922195582,-0.4642132011128324,0.2976825033714157,0.4338247134339282,-0.9456665833748604
1,8.128839131395223,-0.487240187226823,1.0149946225598254,0,1.072725527116057,-0.4663057120399793,1.1163896954823946,-0.9462093868247772,1.6596028954336497,1.5294129381313657,0.8057784290890769,-3.7266502767223737,1.11565160813028
1,-0.4025490205434912,-0.487240187226823,-0.1642449981558909,0,-0.0664067452527614,-0.3752176983190146,0.4982474641332932,-0.497524647148315,-0.4076376914932763,0.1409947340148704,-0.3027944997494579,0.4144369854172456,-0.3295116891749541
1,-0.4036511481128883,-0.487240187226823,-0.6161167934857698,0,-0.9207559495293756,-0.1645766665892842,-2.2016841210696785,0.914588046996436,-0.7521777893144308,-1.0397540805970205,-0.2566039610478532,0.2924147876173321,-0.958269751665313
1,-0.3792787827491312,-0.487240187226823,-0.5476071987099493,0,-0.532415402130915,-0.3467526940312125,-0.6634336258158802,0.4397838527452429,-0.5224843907669945,-0.7193498796470602,0.528635196879444,0.4406158949990941,-0.6936032175658078
1,-0.4179276529147839,3.1573164132298146,-1.018428456424629,0,-1.0847219584309482,0.3292911578040717,-1.452097852019906,2.2511442825441024,-0.6373310900407126,-0.33961156741007,-0.2566039610478532,0.39165366661798,-0.8812503898903247
1,-0.4095186985799214,-0.487240187226823,-1.2647714674270474,0,-0.5755643518418551,1.2387480447993289,0.8392914538431424,-0.5197499284955401,-0.7521777893144308,-1.2770905257451393,-0.3027944997494579,0.4101651131423834,-1.0969046028602918
1,-0.0091278434689109,-0.487240187226823,1.2307269635560247,3,2.7296451960161567,-0.1887719202339147,0.4982474641332932,-0.9733261296650884,-0.5224843907669945,-0.0310741887175155,-1.7347011994992336,-2.9428164818784044,0.3314544700576722
1,-0.4159419631589502,0.3703025422923854,-1.1379558345441456,0,-0.9647678782345344,2.1852094373687274,-0.1447625581321512,0.4272465145493724,-0.5224843907669945,-1.140622069784971,-1.642320122096022,0.3355716511120951,-1.2453419182811785
1,-0.3750690739634909,-0.487240187226823,2.115521091830981,0,0.2270061127816304,-0.9559037857901638,0.9600778668653804,-0.9677698093282822,-0.8670244885881488,-1.3067575813886545,0.2976825033714157,0.0286540584412172,2.045485357559229
1,-0.4122844807398327,-0.487240187226823,-1.151074693118239,0,-0.8171984702231194,0.0688363685706885,-1.8251147157650531,0.674146595156689,-0.6373310900407126,0.1291279117574646,-0.7185093480639098,0.2030340754048278,-0.7440158907276184
1,-0.2626043960301875,-0.487240187226823,-0.4368257263064951,0,-0.1440748547324536,-0.3026319373851207,1.1163896954823946,0.1804414137768729,-0.6373310900407126,-0.6006816570730008,1.1753027387019226,0.2196834237581378,0.0541847676677143
1,-0.3942784134457155,-0.487240187226823,-0.1642449981558909,0,-0.0664067452527614,-0.2741669330973197,0.9529727837464256,-0.5922195424610653,-0.4076376914932763,0.1409947340148704,-0.3027944997494579,0.4406158949990941,0.6213273407380825
1,-0.149105020273294,-0.487240187226823,1.2307269635560247,0,2.7296451960161567,-1.5636316273347255,0.8961321187947838,-1.075856861350258,-0.5224843907669945,-0.0310741887175155,-1.7347011994992336,0.0034609655381828,2.193922672980116
1,0.3290718595352102,-0.487240187226823,1.0149946225598254,0,0.2528954826081945,0.1997753882945747,0.2211492224940408,-0.7572944953733625,1.6596028954336497,1.5294129381313657,0.8057784290890769,-2.8339385064626823,-0.0872507875918094
1,-0.4162581854151485,-0.487240187226823,-0.8668327573462186,0,-0.3425600234027784,-0.3211341901721915,-1.1110538623100568,0.4830471675044784,-0.5224843907669945,-1.0931547807553472,0.8057784290890769,0.4322912208224394,-0.5801747029517342
1,-0.418436863753809,3.80047346036922,-1.4309436760322285,0,-1.2400581773903327,0.7562662221210934,-0.997372532406774,2.151178006398997,-0.5224843907669945,-0.9032856246368524,-1.549939044692811,0.3968018203851215,-1.2187352296680003
1,-0.4184287256810393,2.0853880013308026,-1.1962618726512269,0,-1.3263560768122125,0.4545371766703982,-1.768274050813412,1.1514202651131291,-0.981871187861867,-0.8498849244785256,-1.3189863511847826,0.2193548181985326,-1.1585200922802823
1,-0.3328778169793223,-0.487240187226823,-0.4368257263064951,0,-0.1440748547324536,-0.5132729691148511,0.9067897434732166,0.287103768276591,-0.6373310900407126,-0.6006816570730008,1.1753027387019226,0.4124653520596167,0.5106995301885541
1,-0.3289320142677887,-0.487240187226823,-0.4368257263064951,0,-0.1440748547324536,-0.4193384549651064,0.466274590097995,0.2198105553086033,-0.6373310900407126,-0.6006816570730008,1.1753027387019226,0.3294376806661389,0.2824421489281342
1,-0.4125844268504914,2.514159366090407,-1.2968397883859415,0,-1.3349858667544003,0.0859153711433687,-1.722091010540203,1.9151531168782503,-0.5224843907669945,-0.2980776895091492,-1.688510660797627,0.1266880503899808,-1.0758993223762046
1,-0.4150107351177191,2.9429307308500112,-1.132125230733438,0,-1.3522454466387763,-0.7082582484862917,-1.331311438997668,1.3375332514374367,-0.6373310900407126,-0.4226793232119116,-1.0880336576767535,0.4406158949990941,-0.3379138013685893
1,-0.3764141811341581,-0.487240187226823,-0.0797012429006232,3,-0.5669345618996671,-1.2533630805976896,0.7113999577019487,-0.061757165006992,-0.6373310900407126,-0.7786839909340899,0.0667298098633874,0.4224330540342958,1.5861698909738444
1,4.408007628673842,-0.487240187226823,1.0149946225598254,0,1.1935425863066882,-1.0726103033701508,0.5977186277986661,-1.038909705606366,1.6596028954336497,1.5294129381313657,0.8057784290890769,-0.2980894029924837,2.0622895819464997
1,-0.415109554572781,0.7133196341000689,0.568953431040654,0,-0.7826793104543672,-0.0507166494380783,0.3099627614809807,-0.0855021237112924,-0.6373310900407126,-0.8202178688350107,-0.1180323449430359,0.4406158949990941,-0.2889014802390513
1,-0.2557300497033464,-0.487240187226823,1.2307269635560247,3,2.7296451960161567,-0.2215066751648872,0.9742880331032908,-0.9714740228861528,-0.5224843907669945,-0.0310741887175155,-1.7347011994992336,-0.3905371004279658,0.3454579903803972
1,0.7104138114557437,-0.487240187226823,1.0149946225598254,0,1.5991427135895258,0.1727336342211632,1.0169185318170222,-0.8215483536271996,1.6596028954336497,1.5294129381313657,0.8057784290890769,0.3207844009298791,0.9616128845803036
1,-0.3051886056709554,-0.487240187226823,-0.4368257263064951,0,-0.1440748547324536,-0.67125374291215,1.1163896954823946,0.1425444596848094,-0.6373310900407126,-0.6006816570730008,1.1753027387019226,0.4147655909768508,1.0120255577421138
1,-0.3588417568604894,-0.487240187226823,-0.7196100111258387,0,-0.4374877127668467,3.4732508813917438,0.5124576303712037,-0.4277144685576714,-0.17794429294584,-0.6006816570730008,-0.4875566545558815,0.2774084670620464,-1.1235112914734695
1,0.2287433732653423,-0.487240187226823,1.0149946225598254,0,1.3661383851504492,0.2154311406528657,0.686532166785606,-0.702491130683837,1.6596028954336497,1.5294129381313657,0.8057784290890769,-2.8094026246788584,0.4994967139303737
1,0.7337433409231406,-0.487240187226823,1.0149946225598254,0,1.5991427135895258,-0.0478701490092971,0.9956032824601564,-0.7584342533911689,1.6596028954336497,1.5294129381313657,0.8057784290890769,0.3488254086828216,0.5303044586403695
1,-0.4166313741807355,-0.487240187226823,-1.305585694102004,0,-0.8344580501074954,0.2068916393665249,-0.3508099685818516,1.0766711351119913,-0.7521777893144308,-1.105021603012753,0.1129203485649922,0.4101651131423834,-1.0422908736016638
1,-0.4048044292825528,-0.487240187226823,-0.1642449981558909,0,-0.0664067452527614,-0.1546139150885528,0.1394407666260562,-0.5057404028600029,-0.4076376914932763,0.1409947340148704,-0.3027944997494579,0.4011832278465191,-0.085850435559537
1,-0.4001727032947066,-0.487240187226823,-0.6161167934857698,0,-0.9207559495293756,-0.8576995209972488,-1.2353928168917727,0.6199131094760666,-0.7521777893144308,-1.0397540805970205,-0.2566039610478532,0.4406158949990941,-0.3421148574654067
1,-0.2975736947220617,-0.487240187226823,-0.4368257263064951,0,-0.1440748547324536,-0.4976172167565613,-1.3952571870682646,0.3341187865111057,-0.6373310900407126,-0.6006816570730008,1.1753027387019226,0.3305330325314885,-0.8504426451803294
1,1.390700891084307,-0.487240187226823,1.0149946225598254,0,0.2183763228394424,-0.5104264686860712,0.0861526432338923,-0.4210658801204674,1.6596028954336497,1.5294129381313657,0.8057784290890769,0.1321648097167274,0.7669639520944238
1,0.1079336829975107,-0.487240187226823,1.0149946225598254,0,1.8580364118551664,0.1613476325060425,0.6900847083450834,-0.6063715378488284,1.6596028954336497,1.5294129381313657,0.8057784290890769,0.1959142882800575,-0.6810000492753553
1,-0.4163384035610223,-0.487240187226823,-1.305585694102004,0,-0.8344580501074954,1.0152977611400873,-0.8090878297544616,1.0766711351119913,-0.7521777893144308,-1.105021603012753,0.1129203485649922,0.4157514076556649,-1.3601707849275246
1,7.476247075984148,-0.487240187226823,1.0149946225598254,0,1.1935425863066882,-0.8562762707828594,1.1163896954823946,-1.1253413552900202,1.6596028954336497,1.5294129381313657,0.8057784290890769,0.3099404174629214,1.446134687746593
1,-0.4130715486348557,-0.487240187226823,-1.2647714674270474,0,-0.5755643518418551,-0.1873486700195254,0.0079967289253852,-0.2447358167823317,-0.7521777893144308,-1.2770905257451393,-0.3027944997494579,0.3333809473813965,0.0695886400227121
1,-0.4027420091263181,0.5846882246721876,-0.8755786630622807,0,-0.8776069998184355,-0.7737277583482354,-0.0843693516210319,1.629073854408838,-0.17794429294584,-0.7371501130331691,0.5748257355810487,0.4210090966093417,0.0695886400227121
1,-0.4075539352969244,-0.487240187226823,-0.37560438629406,0,-0.2994110736918381,-0.1275721610151414,-0.5035692556393884,-0.4830877122561001,-0.5224843907669945,-0.1438090001628719,1.1291122000003162,0.4032643963906828,0.0485833595386243
1,-0.3989903575794357,-0.487240187226823,-0.5476071987099493,0,-0.532415402130915,0.1300361277894619,-0.5071217971988661,0.3539695719879011,-0.5224843907669945,-0.7193498796470602,0.528635196879444,0.4406158949990941,-0.8098324362444265
1,-0.3315571240269645,0.3703025422923854,-1.0446661735728158,0,0.7965722489660403,-1.0313360471528388,-0.2051557646432704,-0.85887542871036,-0.5224843907669945,-0.8558183356072285,-2.5199403574265293,0.391325061058375,-0.3085064086908666
1,-0.3035586659533448,-0.487240187226823,-0.4368257263064951,0,-0.1440748547324536,0.5541646916777039,0.6652169174287402,0.2108349609183775,-0.6373310900407126,-0.6006816570730008,1.1753027387019226,0.2580207390453637,-0.0942525477531718
1,-0.359631149919161,0.3703025422923854,-1.0446661735728158,0,0.7965722489660403,3.007848061286189,0.8144236629267991,-0.715455878136385,-0.5224843907669945,-0.8558183356072285,-2.5199403574265293,0.3306425677180233,-0.9442662313425876
1,0.7695682998376693,-0.487240187226823,1.0149946225598254,0,0.5117891808738354,-0.141804663159043,0.999155824019634,-0.7714939806785341,1.6596028954336497,1.5294129381313657,0.8057784290890769,0.2522153741590121,0.752960431771699
1,-0.3419866455723883,-0.487240187226823,-0.4368257263064951,0,-0.1440748547324536,-0.67125374291215,0.771793164213068,0.4212152950384802,-0.6373310900407126,-0.6006816570730008,1.1753027387019226,0.2213264515561615,0.3020470773799495
1,-0.4032965606564895,0.0487240187226822,-0.476182302028775,0,-0.2648919139230861,-0.1603069159461139,0.9778405746627682,1.0236248973665838,-0.5224843907669945,-0.576948012558189,-1.5037485059912057,0.4406158949990941,0.9097998593862202
1,-0.4071598200585007,-0.487240187226823,2.4201701409404794,0,0.4686402311628952,-0.4293012064658377,0.5302203381685917,-0.8002728706281463,-0.6373310900407126,1.7964164389229995,0.7595878903874723,0.4406158949990941,0.0975956806681623
1,-0.405218308411989,-0.487240187226823,-0.37560438629406,0,-0.2994110736918381,0.2695146487996889,1.0133659902575445,-0.6468804373983651,-0.5224843907669945,-0.1438090001628719,1.1291122000003162,0.4224330540342958,-0.053642338817269
1,-0.4107847501865391,-0.487240187226823,-0.7545936339900874,0,-0.4806366624777868,-0.6185934849797174,-0.961847116811998,0.0660856926569618,-0.5224843907669945,-0.766817168676684,0.3438730420730204,0.4406158949990941,-0.5437655501126489
1,-0.2778504940735147,-0.487240187226823,1.2307269635560247,0,0.4341210713941431,0.9370189993486324,1.0240236149359774,-0.910734418520552,-0.5224843907669945,-0.0310741887175155,-1.7347011994992336,0.0740016256666787,-1.1291126996025598
1,-0.0052134304666323,-0.487240187226823,1.0149946225598254,0,0.2183763228394424,0.2168543908672562,0.228254305612996,-0.4267171802920907,1.6596028954336497,1.5294129381313657,0.8057784290890769,0.4019499741522636,0.2390312359276861
1,-0.4049206874649787,-0.487240187226823,-0.1642449981558909,0,-0.0664067452527614,-0.5872819802631355,0.1607560159829216,-0.6256999342341291,-0.4076376914932763,0.1409947340148704,-0.3027944997494579,-0.1976456369399513,0.3804667911872101
1,-0.4035569789851234,-0.487240187226823,-0.1642449981558909,0,-0.0664067452527614,-0.043600398366128,0.5550881290849349,-0.7306526517071373,-0.4076376914932763,0.1409947340148704,-0.3027944997494579,0.3512351827865904,-0.3085064086908666
1,-0.4123542356492882,-0.487240187226823,-1.0330049659513998,0,-0.3857089731137185,0.3719886642357741,-1.2602606078081158,-0.3147359550426097,-0.5224843907669945,-0.6659491794887334,-0.8570809641687254,0.3755519941973448,-1.0254866492143937
1,-0.410029072000771,1.4422309541913962,-1.1219216740646982,0,-1.015683638893444,1.2714827997303002,-1.5018334338525925,1.274989030210309,-0.5224843907669945,-0.0607412443610303,-1.5037485059912057,0.3704038404302034,-1.3699732491534322
1,-0.406778493220144,0.3703025422923854,-0.6088285387223845,0,-0.7826793104543672,0.3606026625206536,-0.3508099685818516,0.0581548764497253,-0.7521777893144308,-1.0990881918840498,0.0667298098633874,0.4193660688113175,-0.6894021614689902
1,-0.0969341609096896,-0.487240187226823,1.2307269635560247,0,2.7296451960161567,-1.966411438007117,1.038233781173887,-1.163095839629858,-0.5224843907669945,-0.0310741887175155,-1.7347011994992336,0.4406158949990941,2.3297568201105494
1,0.8713058352785386,-0.487240187226823,1.0149946225598254,0,0.9777978377519888,-1.9621416873639468,1.1163896954823946,-1.2446360278204258,1.6596028954336497,1.5294129381313657,0.8057784290890769,0.4406158949990941,3.0971497337958875
1,0.5090895169488833,-0.487240187226823,1.0149946225598254,0,1.2539511159020047,-1.0882660557284416,1.1163896954823946,-1.0741947142409567,1.6596028954336497,1.5294129381313657,0.8057784290890769,0.4406158949990941,1.66739030884565
1,0.6242409214780483,-0.487240187226823,1.0149946225598254,3,1.8580364118551664,-0.1033769073705108,1.0240236149359774,-0.7944316107868885,1.6596028954336497,1.5294129381313657,0.8057784290890769,0.2306369424116308,0.692745294383981
1,-0.412978542088915,1.2278452718115942,-0.6889993411196211,3,-0.9293857394715638,0.7704987242649939,-1.4556503935793836,0.5070770657132307,-0.6373310900407126,-0.9151524468942585,-0.3951755771526689,0.4028262556445428,-1.189327836990278
1,-0.3784707883812715,-0.487240187226823,-0.7196100111258387,3,-0.4115983429402826,0.9484050010637533,0.7078474161424714,-0.443243671550284,-0.17794429294584,-0.6006816570730008,-0.4875566545558815,0.3836575980009299,-0.4121324590790324
1,0.3608882363196951,-0.487240187226823,1.0149946225598254,0,1.3661383851504492,0.6609084577569584,0.8535016200810526,-0.6987869171259661,1.6596028954336497,1.5294129381313657,0.8057784290890769,-3.903330532603218,0.6703396618676207
1,-0.2307589547000962,-0.487240187226823,1.5674443336244186,0,0.5980870802957157,-1.8013144131378676,1.1163896954823946,-1.1186927668528162,-0.6373310900407126,0.1706617896583853,1.2676838161051334,0.4406158949990941,3.046737060634076
1,0.2390798882648254,-0.487240187226823,1.0149946225598254,3,0.6584956098910318,0.5669739436072136,1.0027083655791116,-1.1579669285497287,1.6596028954336497,1.5294129381313657,0.8057784290890769,0.204348497643247,-1.249542974377996
1,-0.4133714947455144,0.0487240187226822,-0.73855947351064,0,-1.2573177572747087,-0.5787424789767948,-1.6759079702669948,1.2836321951786749,-0.6373310900407126,-0.3752120341822879,0.2053014259682031,0.4330579671281838,-0.6375891362749073
1,0.0259623637326859,-0.487240187226823,1.0149946225598254,0,1.8580364118551664,-0.0478701490092971,0.8002134966888886,-0.7121315839177829,1.6596028954336497,1.5294129381313657,0.8057784290890769,-0.0659843427249639,0.2152252513790535
1,-0.152661358073701,-0.487240187226823,1.2307269635560247,0,0.4341210713941431,0.0489108655692272,0.9778405746627682,-0.8049743724515979,-0.5224843907669945,-0.0310741887175155,-1.7347011994992336,-0.6526548018060571,-0.2174835265931532
1,-0.3994274883453569,-0.487240187226823,-0.2108898286415559,0,0.2615252725503825,-1.0185267952233277,0.1749661822208321,-0.6625521101432035,-0.4076376914932763,-0.1022751222619512,0.3438730420730204,0.4282384189206469,0.3426572863158523
1,1.1330843846468457,-0.487240187226823,1.0149946225598254,0,1.1935425863066882,-0.5659332270472849,0.9281049928300822,-0.9559448198935404,1.6596028954336497,1.5294129381313657,0.8057784290890769,0.4406158949990941,0.5177012903499167
1,2.491712381930164,-0.487240187226823,1.0149946225598254,0,1.1935425863066882,-0.4236082056082769,1.1163896954823946,-1.047742830244366,1.6596028954336497,1.5294129381313657,0.8057784290890769,0.4406158949990941,1.976868107977876
1,-0.4175591144764939,2.0853880013308026,-1.1962618726512269,0,-1.3263560768122125,0.7334942186908522,-2.0844502496069177,1.1514202651131291,-0.981871187861867,-0.8498849244785256,-1.3189863511847826,0.4019499741522636,-1.067497210182569
1,-0.3979277577920633,0.4560568152443063,-0.7691701435168575,0,-1.0674623785465722,0.6167877011108664,-1.814457091086621,1.9145357479519391,-0.2927909922195582,-0.4642132011128324,0.2976825033714157,0.4060027760540561,-0.8532433492448744
1,-0.3894525362932182,-0.487240187226823,-0.37560438629406,0,-0.2994110736918381,-0.0791816537258791,0.8037660382483665,-0.5935967500659147,-0.5224843907669945,-0.1438090001628719,1.1291122000003162,0.3785094442337884,0.4056731277681156
1,0.8688992909023234,-0.487240187226823,1.0149946225598254,0,1.4092873348613892,0.1798498852931133,1.1163896954823946,-0.9194725633237348,1.6596028954336497,1.5294129381313657,0.8057784290890769,-0.4154015877713951,0.3314544700576722
1,-0.1434839371530037,-0.487240187226823,1.2307269635560247,0,2.7296451960161567,-0.2200834249504966,1.1163896954823946,-1.1283332200867615,-0.5224843907669945,-0.0310741887175155,-1.7347011994992336,-2.012862748196836,2.1211043673019447
1,-0.4152153495187886,0.7133196341000689,0.568953431040654,0,-0.7826793104543672,0.2239706419392064,-0.531989588115209,-0.0613297557503145,-0.6373310900407126,-0.8202178688350107,-0.1180323449430359,0.4199137447439923,-0.6291870240812721
1,-0.2891275377688229,-0.487240187226823,1.2307269635560247,3,2.7296451960161567,-1.8112771646385988,0.6900847083450834,-1.0375799879189256,-0.5224843907669945,-0.0310741887175155,-1.7347011994992336,-0.1467117752012084,-0.0746476193013568
1,-0.3476077286926787,-0.487240187226823,-0.7196100111258387,3,-0.4115983429402826,0.8459309856276677,0.3241729277188913,-0.2483450505053853,-0.17794429294584,-0.6006816570730008,-0.4875566545558815,0.3693084885648538,-0.3813247143690373
1,-0.4136900421653613,0.927705316479871,-1.305585694102004,0,-0.7136409909168635,1.354031312164924,-0.9760572830499084,0.1077818401417134,-0.2927909922195582,-1.105021603012753,-0.0256512675398249,0.4053455649348466,-0.8014303240507914
1,-0.4159733528682052,0.5846882246721876,-0.9149352387845604,0,-1.110611328257512,-0.167423167018064,-0.777114955719163,0.7625253314540954,-0.6373310900407126,-0.7549503464192779,0.2514919646698094,0.3720468682282271,-0.7202099061789856
1,-0.4009899983171604,0.4560568152443063,-0.7691701435168575,0,-1.0674623785465722,0.2111613900096953,-0.6918539582917008,1.9145357479519391,-0.2927909922195582,-0.4642132011128324,0.2976825033714157,0.1975573160780811,-0.4387391476922104
1,-0.0801627555129352,-0.487240187226823,1.2307269635560247,0,0.4341210713941431,-0.2613576811678087,0.8677117863189632,-0.7178778639242237,-0.5224843907669945,-0.0310741887175155,-1.7347011994992336,-1.2762386187494217,-0.3981289387563073
1,-0.2435031766576189,-0.487240187226823,1.2307269635560247,3,0.4341210713941431,2.975113306355218,0.8996846603542618,-0.7755306236582653,-0.5224843907669945,-0.0310741887175155,-1.7347011994992336,0.3480586623770771,-1.306957407701169
1,-0.4164395481797328,3.5860877779894174,-1.4090789117420728,0,-1.3090964969278365,0.9825630062091149,-1.892613005395128,1.8323307009176504,-0.7521777893144308,-0.0370075998462185,-0.6723188093623035,0.4406158949990941,-1.133313755699377
1,-0.3662787927902717,-0.487240187226823,-0.7196100111258387,0,-0.4374877127668467,1.6045233498975775,0.2957525952430707,-0.0586703203754329,-0.17794429294584,-0.6006816570730008,-0.4875566545558815,0.2132208477525764,-1.0366894654725738
1,-0.4109219348418016,-0.487240187226823,0.2468125704990309,0,-1.015683638893444,-0.0165586442927164,-2.222999370426544,0.2167712005944528,-0.5224843907669945,-0.0607412443610303,0.1129203485649922,0.4189279280651781,-0.8224356045348791
1,-0.3282100509549241,-0.487240187226823,-0.1802791586353381,0,-0.0922961150793255,-0.2314694266656173,-0.5604099205910299,-0.5483863486929267,-0.6373310900407126,-0.6184818904591097,-0.0256512675398249,0.4406158949990941,-0.9344637671166804
1,0.1324002174890328,-0.487240187226823,1.0149946225598254,0,1.3661383851504492,0.3421004097335828,0.6367965849529195,-0.6455032297935157,1.6596028954336497,1.5294129381313657,0.8057784290890769,-3.3490824887364647,0.7669639520944238
1,-0.3772093871019509,0.4560568152443063,-0.7691701435168575,0,-1.0674623785465722,2.8100162814859697,-2.137738372999081,2.427521835799647,-0.2927909922195582,-0.4642132011128324,0.2976825033714157,0.4406158949990941,-1.2761496629911735
1,-0.40327214643818,-0.487240187226823,-0.1642449981558909,0,-0.0664067452527614,-0.7879602604921359,-0.119894767215808,-0.4919208368941,-0.4076376914932763,0.1409947340148704,-0.3027944997494579,0.3814668942702314,0.1340048335072476
1,-0.4190483817933691,3.371702095609616,-1.1904312688405188,0,-1.3349858667544003,1.1433902804351936,-1.69722321962386,1.6679680967664825,-0.981871187861867,-0.7312167019044662,-1.4575579672895993,0.4167372243344796,-0.6725979370817202
1,-0.4093291977425674,0.9705824529558316,-0.735644171605286,0,-1.0502027986621962,0.2994029033018802,-1.7824842170513224,0.8057411562959224,-0.2927909922195582,-0.4701466122415353,-1.0880336576767535,0.2950436320941705,-0.5577690704353739
1,-0.0924419447407545,-0.487240187226823,1.0149946225598254,0,-0.1958535943855819,-0.743839503846044,-1.0044776155257296,0.144016647124476,1.6596028954336497,1.5294129381313657,0.8057784290890769,0.3970208907581918,-0.3127074647876841
1,0.0274574439586824,-0.487240187226823,1.0149946225598254,3,1.8580364118551664,0.1570778818628721,0.7966609551294113,-0.6125452271119466,1.6596028954336497,1.5294129381313657,0.8057784290890769,0.3797143312856721,0.0863928644099822
1,2.4632988821452835,-0.487240187226823,1.0149946225598254,0,1.1935425863066882,-1.3316418423891434,0.9742880331032908,-0.9936043243985612,1.6596028954336497,1.5294129381313657,0.8057784290890769,0.4406158949990941,0.9966216853871164
1,-0.3854346535085804,-0.487240187226823,-0.7196100111258387,0,-0.4374877127668467,1.9944939086404572,-1.8322197988840088,-0.1994304355745263,-0.17794429294584,-0.6006816570730008,-0.4875566545558815,0.228227168307862,-1.222936285764818
1,-0.3580058605288476,0.3703025422923854,-1.0446661735728158,0,0.7965722489660403,1.7582343730517047,0.73982029017777,-0.7860733853229745,-0.5224843907669945,-0.8558183356072285,-2.5199403574265293,0.3471823808847979,-0.7552187069857985
1,-0.3605972554151199,-0.487240187226823,-0.7196100111258387,0,-0.4115983429402826,1.527667838320513,0.1074678925907577,0.1676191360765506,-0.17794429294584,-0.6006816570730008,-0.4875566545558815,0.3658033625957361,-1.1095077711507444
1,2.4158771695337755,-0.487240187226823,1.0149946225598254,0,1.2539511159020047,-2.323647241819024,1.1163896954823946,-1.105490569813225,1.6596028954336497,1.5294129381313657,0.8057784290890769,0.4406158949990941,2.1883212648510253
1,0.1462395915250071,-0.487240187226823,1.0149946225598254,0,0.5117891808738354,0.2837471509435893,0.8890270356758285,-0.70747757201174,1.6596028954336497,1.5294129381313657,0.8057784290890769,0.4330579671281838,0.8439833138694123
1,-0.4087734836305717,-0.487240187226823,-0.7545936339900874,0,-0.4806366624777868,-0.6314027369092273,-0.2548913464759567,-0.1981007178870856,-0.5224843907669945,-0.766817168676684,0.3438730420730204,0.2287748442405369,-0.1740726135927051
1,-0.4154385652290461,2.9429307308500112,-1.4017906569786878,0,-1.3004667069856484,1.426617073098818,-1.2247351922133398,1.6687754253624287,-0.8670244885881488,-0.4701466122415353,-2.704702512232952,0.4406158949990941,-1.200530653248458
1,-0.3567967754316186,-0.487240187226823,1.5674443336244186,0,0.5980870802957157,-0.1901951704483052,1.0417863227333657,-1.0097983862348938,-0.6373310900407126,0.1706617896583853,1.2676838161051334,0.4406158949990941,0.8131755691594171
1,0.1493564733958443,-0.487240187226823,1.0149946225598254,0,0.6584956098910318,-1.8710536736429817,1.1163896954823946,-1.1694594885626104,1.6596028954336497,1.5294129381313657,0.8057784290890769,0.2064296661874106,-1.315359519894804
1,-0.3972488100066962,0.4560568152443063,-0.7691701435168575,0,-1.0674623785465722,-0.0834514043690494,0.3774610511110552,2.023287658817635,-0.2927909922195582,-0.4642132011128324,0.2976825033714157,0.2132208477525764,-0.3505169696590419
1,-0.4156013266844424,1.7638094777610995,-0.8478832949614171,0,-1.2918369170434605,-0.1076466580136812,-1.324206355878713,1.6726695985899336,-0.4076376914932763,-0.6837494128748424,-0.8570809641687254,0.4406158949990941,-0.7720229313730687
1,2.329195068717055,-0.487240187226823,1.0149946225598254,0,1.0036872075785528,0.1357291286470215,0.9813931162222462,-1.1440048928316002,1.6596028954336497,1.5294129381313657,0.8057784290890769,0.4406158949990941,1.5455596820379418
1,-0.4080945358452046,0.5846882246721876,-0.8755786630622807,0,-0.8776069998184355,-0.509003218471682,-0.759352247921775,1.489738436732003,-0.17794429294584,-0.7371501130331691,0.5748257355810487,0.4406158949990941,-0.4807497086603857
1,-0.4083782058103238,-0.487240187226823,-0.1642449981558909,0,-0.0664067452527614,0.6125179504676961,0.4627220485385171,-0.530720099416927,-0.4076376914932763,0.1409947340148704,-0.3027944997494579,0.4262667855630181,-0.3491166176267695
1,-0.4139376720939284,-0.487240187226823,-1.1262946269227294,0,-0.5669345618996671,1.1305810285056823,-0.1944981399648374,-0.1807194081155375,-0.8670244885881488,-0.8202178688350107,-0.3027944997494579,0.4314149393301602,-0.9736736240203104
1,-0.3287576269941499,0.3703025422923854,-1.0446661735728158,0,0.7965722489660403,1.0380697645703283,0.5692982953228449,-0.7893501896241683,-0.5224843907669945,-0.8558183356072285,-2.5199403574265293,0.3000822506747772,0.2992463733154043
1,-0.4098372459997683,0.0487240187226822,-0.476182302028775,0,-0.2648919139230861,-0.3880269502485258,-0.0701591853831219,0.8384142194730401,-0.5224843907669945,-0.576948012558189,-1.5037485059912057,0.4263763207495535,-0.0312367063009088
1,-0.0161882028876334,-0.487240187226823,1.0149946225598254,3,1.4092873348613892,3.5515296431831964,0.5089050888117264,-0.8977221811505955,1.6596028954336497,1.5294129381313657,0.8057784290890769,-0.0232656199763402,-1.0310880573434835
1,-0.4130378337619522,-0.487240187226823,0.1156239847580983,0,0.1579677932441262,0.9839862564235052,0.7966609551294113,-0.7729186782007922,-0.981871187861867,-0.8024176354489018,1.1753027387019226,0.4406158949990941,-0.9820757362139458
1,-0.418589161972787,1.013459589431792,-1.4017906569786878,0,-0.9725346891825036,1.361147563236874,-0.6847488751727457,1.540030259267711,-0.981871187861867,-0.7371501130331691,-1.365176889886388,0.4169562947075493,-1.0030810166980335
1,-0.2639855432374067,-0.487240187226823,1.2307269635560247,0,0.4341210713941431,-0.3111714386714615,1.1163896954823946,-0.9677223194108736,-0.5224843907669945,-0.0310741887175155,-1.7347011994992336,-0.0304949422876459,-0.8714479256644172
1,-0.2275083759194691,-0.487240187226823,1.2307269635560247,0,2.7296451960161567,-0.2314694266656173,1.0204710733764992,-1.0338757743610545,-0.5224843907669945,-0.0310741887175155,-1.7347011994992336,0.1766360954499096,0.2026220830886008
1,-0.4137946745295445,-0.487240187226823,-1.0330049659513998,0,-0.3857089731137185,0.0432178647116674,0.1714136406613548,-0.2267846280018806,-0.5224843907669945,-0.6659491794887334,-0.8570809641687254,0.4263763207495535,-0.8910528541162323
1,0.4718334198086925,-0.487240187226823,1.0149946225598254,0,1.1935425863066882,-0.7651882570618947,1.0773117383281414,-1.02656232708013,1.6596028954336497,1.5294129381313657,0.8057784290890769,0.3989925241158207,1.017626965871204
1,-0.410442951130207,-0.487240187226823,-1.2647714674270474,0,-0.5755643518418551,-0.9687130377196748,0.75403045641568,-0.3833113957806296,-0.7521777893144308,-1.2770905257451393,-0.3027944997494579,0.3759901349434847,0.1858178587013307
1,-0.3733635664273036,-0.487240187226823,-0.1802791586353381,0,-0.0922961150793255,0.1385756290758013,-0.048843936026256,-0.1246813055733883,-0.6373310900407126,-0.6184818904591097,-0.0256512675398249,0.4221044484746907,-0.3211095769813193
1,-0.393956378280396,0.0487240187226822,-0.476182302028775,0,-0.2648919139230861,0.1314593780038511,0.913894826592172,1.2117799501394613,-0.5224843907669945,-0.576948012558189,-1.5037485059912057,0.3926394832967941,1.091845623581647
1,1.9149322872789916,-0.487240187226823,1.0149946225598254,0,1.2539511159020047,-2.727850302705805,0.8037660382483665,-1.1186452769354076,1.6596028954336497,1.5294129381313657,0.8057784290890769,-0.7759914218443897,2.5174039924350664
1,-0.3955002869430113,-0.487240187226823,-0.37560438629406,0,-0.2994110736918381,-0.2101206734497666,0.668769458988218,-0.5130538501409274,-0.5224843907669945,-0.1438090001628719,1.1291122000003162,0.4139988446711063,0.1101988489586149
1,-0.4149142408263056,0.5846882246721876,-0.9149352387845604,0,-1.110611328257512,0.4758859298862489,0.0648373938770269,0.7625253314540954,-0.6373310900407126,-0.7549503464192779,0.2514919646698094,0.4267049263091581,-0.7608201151148886
1,-0.3997506860925008,-0.487240187226823,-0.7545936339900874,0,-0.4806366624777868,-0.4534964601104683,-1.3632843130329664,0.0248169544288875,-0.5224843907669945,-0.766817168676684,0.3438730420730204,0.4026071852714731,-0.3533176737235868
1,-0.3915928494316782,-0.487240187226823,-0.1802791586353381,0,-0.0922961150793255,-0.7153744995582418,0.1110204341502355,0.1123883621303476,-0.6373310900407126,-0.6184818904591097,-0.0256512675398249,0.4406158949990941,0.4602868570267434
1,-0.2108044002685216,-0.487240187226823,1.2307269635560247,0,0.4341210713941431,-0.5801657291911854,0.3774610511110552,-0.6502047316169672,-0.5224843907669945,-0.0310741887175155,-1.7347011994992336,-1.4137052778507606,-0.0718469152368115
1,0.3231508303042612,-0.487240187226823,1.0149946225598254,0,0.2528954826081945,-0.1745394180900143,1.0240236149359774,-0.7546350599984809,1.6596028954336497,1.5294129381313657,0.8057784290890769,-0.5905483510407507,1.6029741153611148
1,-0.4136365634014453,2.514159366090407,-1.2968397883859415,0,-1.3349858667544003,1.0764975203588607,-2.08089770804744,1.9151531168782503,-0.5224843907669945,-0.2980776895091492,-1.688510660797627,0.1632728026926476,-1.108107419118472
1,-0.4138562913662302,-0.487240187226823,0.4056965243408269,0,-1.015683638893444,0.3762584148789445,-0.6243556686616266,1.028326399190035,-0.6373310900407126,-0.7074830573896543,-1.13422419637836,0.3962541444524474,-0.7370141305662559
1,-0.4157210726123411,2.9429307308500112,-1.4017906569786878,0,-1.3004667069856484,1.4081148203117473,-1.0755284467152812,1.6687754253624287,-0.8670244885881488,-0.4701466122415353,-2.704702512232952,0.3891343573276764,-0.8448412370512394
1,0.7219594115524556,-0.487240187226823,1.0149946225598254,0,1.0036872075785528,0.7249547174045116,1.0737591967686635,-1.157349559623417,1.6596028954336497,1.5294129381313657,0.8057784290890769,0.4406158949990941,1.2024734341311754
1,-0.1695594848892996,-0.487240187226823,1.2307269635560247,0,2.7296451960161567,-0.9345550325743132,1.1163896954823946,-1.0820305506133758,-0.5224843907669945,-0.0310741887175155,-1.7347011994992336,-2.0527335560955504,0.5597118513180919
1,0.2625721791876187,-0.487240187226823,1.0149946225598254,0,1.1935425863066882,0.1713103840067738,0.9742880331032908,-1.0059517029247973,1.6596028954336497,1.5294129381313657,0.8057784290890769,0.4406158949990941,0.940607604096216
1,-0.1447302248686089,-0.487240187226823,1.2307269635560247,0,2.7296451960161567,-1.9336766830761445,0.9636304084248584,-1.1085299245273754,-0.5224843907669945,-0.0310741887175155,-1.7347011994992336,0.3837671331874647,2.36336526888509
1,0.4363851374052238,-0.487240187226823,1.0149946225598254,0,1.072725527116057,-0.1304186614439224,0.3383830939568014,-0.8830477966713379,1.6596028954336497,1.5294129381313657,0.8057784290890769,-2.8473017992199434,1.241683291034806
1,-0.4151060668273083,1.7638094777610995,-0.8478832949614171,0,-1.2918369170434605,0.3990304183091857,-1.6226198468748303,1.6726695985899336,-0.4076376914932763,-0.6837494128748424,-0.8570809641687254,0.1648062953041372,-0.4401394997244828
1,-0.4026187754529466,-0.487240187226823,2.115521091830981,0,0.2270061127816304,-0.6100539836933767,1.0098134486980668,-0.878868683939381,-0.8670244885881488,-1.3067575813886545,0.2976825033714157,0.1493618340027116,1.7864202315888138
1,-0.3959827584000787,-0.487240187226823,2.4201701409404794,0,0.4686402311628952,-1.6959938972730024,1.0453388642928427,-0.9367114033430572,-0.6373310900407126,1.7964164389229995,0.7595878903874723,-0.4189067137405128,2.3843705493691774
1,-0.4067273396198766,-0.487240187226823,-1.2020924764619343,0,-0.9466453193559398,-0.1731161678756237,0.0364170614012057,-0.1423950447667965,-0.8670244885881488,-0.7846174020627928,-0.2104134223462469,0.3850815554258839,-0.1838750778186129
1,0.0562545957455678,-0.487240187226823,1.2307269635560247,0,2.7296451960161567,-1.162275066876725,1.1163896954823946,-1.13179998405759,-0.5224843907669945,-0.0310741887175155,-1.7347011994992336,0.4406158949990941,1.927855786848338
1,-0.409345473888107,0.7990739070519898,-0.9047316821158212,0,-1.0933517483731363,0.457383677099178,-0.9369793258956548,1.1373157596427748,-0.4076376914932763,-0.6422155349739216,-0.8570809641687254,0.2969057302652639,-0.7398148346308008
1,-0.4089362450859679,1.2278452718115942,-0.6889993411196211,0,-0.9293857394715638,0.8103497302679166,-0.9156640765387892,0.2242746075450115,-0.6373310900407126,-0.9151524468942585,-0.3951755771526689,0.4406158949990941,-1.3545693767984344
1,-0.4060542047436308,-0.487240187226823,-1.2020924764619343,0,-0.9466453193559398,2.5395987407518565,0.2637797212077721,-0.1423950447667965,-0.8670244885881488,-0.7846174020627928,-0.2104134223462469,0.4406158949990941,-1.1823260768289154
1,-0.4181148285884895,3.371702095609616,-1.3289081093448365,0,-1.2486879673325209,0.6310202032547668,-1.153684361023788,3.956602196521783,-0.5224843907669945,-1.312690992517357,-0.6723188093623035,0.3043541229496394,-1.1417158678930124
1,-0.4092908325423667,-0.487240187226823,2.115521091830981,0,0.2270061127816304,-0.4606127111824184,0.8641592447594858,-0.8111955516321245,-0.8670244885881488,-1.3067575813886545,0.2976825033714157,0.234580209126888,0.7389569114489737
1,-0.4084665620289674,-0.487240187226823,-1.2647714674270474,0,-0.5755643518418551,0.3961839178804047,0.9600778668653804,-0.4502246894093483,-0.7521777893144308,-1.2770905257451393,-0.3027944997494579,0.4406158949990941,-0.9764743280848556
1,-0.4175707402947364,3.0501235720399125,-1.3274504583921594,0,-1.2055390176215806,1.8863268923468124,-1.8784028391572172,1.175355183487064,-0.8670244885881488,-0.3574118007961789,-1.7347011994992336,0.4239665466457847,-1.336364800378892
1,-0.3805936627923676,0.4560568152443063,-0.7691701435168575,0,-1.0674623785465722,-0.2513949296670786,-1.1963148597375193,2.023287658817635,-0.2927909922195582,-0.4642132011128324,0.2976825033714157,0.3670082496476204,-0.4891518208540208
1,-0.1435734559534716,-0.487240187226823,1.0149946225598254,0,0.2442656926660065,-0.5887052304775248,-0.9476369505740876,-0.0337381137359173,1.6596028954336497,1.5294129381313657,0.8057784290890769,0.1539623118371789,0.0961953286358898
1,-0.4159896290137448,0.9705824529558316,-0.735644171605286,0,-1.0502027986621962,0.4346116736689369,-1.0009250739662516,0.8057411562959224,-0.2927909922195582,-0.4701466122415353,-1.0880336576767535,0.4280193485475773,-0.4415398517567553
1,-0.4151014165000112,2.9429307308500112,-1.3449422698242837,0,-1.2227985975059563,-0.8847412750706602,-1.6581452624696065,3.2248775490900567,-0.6373310900407126,-0.4404795565980205,1.637208125717979,0.2861712819848411,-0.6445908964362698
1,5.524853483966101,-0.487240187226823,1.0149946225598254,0,0.3650827518566388,-0.7509557549179943,1.1163896954823946,-1.1312301050486864,1.6596028954336497,1.5294129381313657,0.8057784290890769,-3.8783565100732535,-0.3561183777881321
1,0.7327783980090062,-0.487240187226823,1.0149946225598254,0,1.1935425863066882,-0.6157469845509363,0.3277254692783687,-1.0897239172335695,1.6596028954336497,1.5294129381313657,0.8057784290890769,-0.2027937907070927,2.42498075830508
1,-0.4178172076414793,2.9429307308500112,-1.3668070341144392,0,-1.464432715887221,-0.0777584035114885,-1.3171012727597575,2.5141909350703435,-0.981871187861867,-0.9922867915673969,-0.1180323449430359,-0.1651136865390763,0.0387808953127167
1,-0.4004517229325287,-0.487240187226823,2.115521091830981,0,0.2270061127816304,-0.4250314558226674,0.704294874582994,-0.8558360739962095,-0.8670244885881488,-1.3067575813886545,0.2976825033714157,0.3104880933955956,0.3020470773799495
1,-0.4137318951110346,0.927705316479871,-1.305585694102004,0,-0.7136409909168635,0.4716161792430784,-0.3721252179387172,-0.201852421362365,-0.2927909922195582,-1.105021603012753,-0.0256512675398249,0.4018404389657288,-0.5213599175962886
1,-0.3486377761889718,-0.487240187226823,-0.7196100111258387,0,-0.4115983429402826,0.4744626796718595,0.4343017160626965,-0.2483450505053853,-0.17794429294584,-0.6006816570730008,-0.4875566545558815,0.4406158949990941,-0.707606737888533
1,0.9806001525770888,-0.487240187226823,1.0149946225598254,0,0.5117891808738354,-0.9060900282865124,0.6758745421071729,-0.8756393695555961,1.6596028954336497,1.5294129381313657,0.8057784290890769,-0.7133372951464086,0.2026220830886008
1,-0.406819183583993,-0.487240187226823,0.4013235714827959,3,-0.0405173754261974,0.1257663771462915,0.8463965369620978,-0.2050342458287412,-0.5224843907669945,-0.7846174020627928,-0.949462041571938,0.4060027760540561,-0.301504648529504
1,-0.317649157663359,-0.487240187226823,1.5674443336244186,0,0.5980870802957157,-0.9217457806448032,0.9281049928300822,-0.8620097632593277,-0.6373310900407126,0.1706617896583853,1.2676838161051334,0.4406158949990941,0.7963713447721468
1,0.6020542099438974,-0.487240187226823,1.0149946225598254,0,0.2528954826081945,-1.0242197960808872,0.0719424769959818,-0.8223081923057374,1.6596028954336497,1.5294129381313657,0.8057784290890769,-3.8668553154870855,0.6311298049639903
1,-0.4109335606600441,2.9429307308500112,-0.9018163802104672,0,-1.2400581773903327,1.2287852932985974,-1.452097852019906,0.6276539660136685,-0.6373310900407126,-0.968553147052585,0.3438730420730204,0.4406158949990941,-1.2733489589266287
1,-0.4142620324228965,1.013459589431792,-0.7400171244633172,0,-1.0079168279454744,-0.823541515851887,-1.427230061103563,1.351400307320748,-0.981871187861867,-0.6184818904591097,-0.7185093480639098,0.4090697612770339,-0.0312367063009088
1,9.924109610233582,-0.487240187226823,1.0149946225598254,0,1.0036872075785528,0.972600254708385,0.8286338291647097,-1.1295679579393856,1.6596028954336497,1.5294129381313657,0.8057784290890769,0.4406158949990941,0.6381315651253529
1,0.2569871361038805,-0.487240187226823,1.0149946225598254,0,-0.1958535943855819,-0.0606794009388083,-0.1376574750131959,-0.1761128861269033,1.6596028954336497,1.5294129381313657,0.8057784290890769,0.4406158949990941,-0.2678961997549636
1,0.1846466446712138,-0.487240187226823,1.0149946225598254,3,1.8580364118551664,-0.224353175593667,0.5266677966091142,-0.5092546567482393,1.6596028954336497,1.5294129381313657,0.8057784290890769,0.4245142225784595,-0.1642701493667976
1,-0.4037057894586285,-0.487240187226823,0.4056965243408269,0,-1.015683638893444,-0.7039884978431213,-0.3756777594981949,1.1991001421913647,-0.6373310900407126,-0.7074830573896543,-1.13422419637836,0.4406158949990941,0.4462833367040183
1,-0.4105696725490513,-0.487240187226823,0.4056965243408269,0,-1.015683638893444,-0.3922967008916949,-0.9334267843361774,0.8109650472108685,-0.6373310900407126,-0.7074830573896543,-1.13422419637836,0.4406158949990941,-0.315508168852229
1,0.3400826719927634,-0.487240187226823,1.0149946225598254,3,0.6584956098910318,1.0409162649991084,1.0275761564954549,-1.2312438711112,1.6596028954336497,1.5294129381313657,0.8057784290890769,0.3874913295296527,-1.3573700808629796
1,1.1700893641129968,-0.487240187226823,1.0149946225598254,0,1.5991427135895258,-0.4976172167565613,0.686532166785606,-0.937661201691229,1.6596028954336497,1.5294129381313657,0.8057784290890769,-3.151590547413984,2.992123331375449
1,-0.4057682096148632,-0.487240187226823,-0.1642449981558909,0,-0.0664067452527614,-0.528928721473142,0.8641592447594858,-0.6846349217382028,-0.4076376914932763,0.1409947340148704,-0.3027944997494579,0.4192565336247826,0.4980963618981014
1,-0.4133819579819328,-0.487240187226823,-1.2647714674270474,0,-0.5755643518418551,0.9896792572810664,-0.3614675932602845,-0.4587728745428964,-0.7521777893144308,-1.2770905257451393,-0.3027944997494579,0.4406158949990941,-1.0660968581502963
1,-0.1137055663064441,-0.487240187226823,-0.1802791586353381,0,-0.0922961150793255,-1.8667839229998116,-1.0932911545126691,-0.6058016588399252,-0.6373310900407126,-0.6184818904591097,-0.0256512675398249,-0.0681750464556623,-0.0018293136231859
1,-0.4171975515291495,-0.487240187226823,-1.3478575717296375,0,-0.3166706535762143,0.3634491629494334,-0.3152845529870756,1.1738829960473975,-0.981871187861867,0.0816606227278407,-1.1804147350799654,0.3645984755438516,-0.5605697744999191
1,-0.414192277513441,-0.487240187226823,-0.8668327573462186,0,-0.3425600234027784,0.0446411149260568,-1.0826335298342362,1.2648261878848686,-0.5224843907669945,-1.0931547807553472,0.8057784290890769,0.3618600958804784,-0.9764743280848556
1,0.1420845240851068,-0.487240187226823,1.0149946225598254,0,0.2442656926660065,-0.5403147231882626,-0.5461997543531193,-0.3052379715608895,1.6596028954336497,1.5294129381313657,0.8057784290890769,0.3455393530867742,-0.1684712054636153
1,0.5332828447117046,-0.487240187226823,1.0149946225598254,0,1.3661383851504492,-0.4961939665421708,0.4165390082653085,-0.4824228534123798,1.6596028954336497,1.5294129381313657,0.8057784290890769,-3.8684983432851103,0.600322060253995
1,-0.3815655811974479,-0.487240187226823,-0.7196100111258387,0,-0.4115983429402826,2.792937278913288,0.0648373938770269,-0.0679783441875188,-0.17794429294584,-0.6006816570730008,-0.4875566545558815,0.2440002351688922,-1.2187352296680003
1,-0.3771791599745203,-0.487240187226823,-0.1802791586353381,0,-0.0922961150793255,0.4018769187379656,0.6652169174287402,-0.0915333432221848,-0.6373310900407126,-0.6184818904591097,-0.0256512675398249,0.4273621374283676,-0.4723475964667508
1,-0.1594089829816978,-0.487240187226823,1.2307269635560247,0,0.4341210713941431,-0.6129004841221565,0.8250812876052318,-0.6520568383959024,-0.5224843907669945,-0.0310741887175155,-1.7347011994992336,0.4210090966093417,-0.1418645168504373
1,-0.3825921409482683,-0.487240187226823,1.5674443336244186,0,0.5980870802957157,-0.48765446525583,0.8854744941163512,-0.8681834525224458,-0.6373310900407126,0.1706617896583853,1.2676838161051334,0.2363327721114471,0.5947206521249045
1,-0.4146770741341568,2.9429307308500112,-1.4017906569786878,0,-1.3004667069856484,1.1704320345086054,-1.1359216532264,1.6687754253624287,-0.8670244885881488,-0.4701466122415353,-2.704702512232952,-0.0258944644531787,-0.5661711826290091
1,-0.3429632143047656,0.3703025422923854,-1.0446661735728158,0,0.7965722489660403,1.492086582960762,1.1163896954823946,-0.9025186628088644,-0.5224843907669945,-0.8558183356072285,-2.5199403574265293,0.2915385061250528,-0.6810000492753553
1,-0.3532195111583749,-0.487240187226823,-0.7196100111258387,0,-0.4115983429402826,2.921029798208395,0.1678610991018769,0.020590351779522,-0.17794429294584,-0.6006816570730008,-0.4875566545558815,0.3202367249972049,-1.4259873304443325
1,-0.4001820039493007,-0.487240187226823,-0.1642449981558909,0,-0.0664067452527614,-0.5075799682572915,0.6971897914640387,-0.6325384823409677,-0.4076376914932763,0.1409947340148704,-0.3027944997494579,-0.128857539796014,0.4350805204458382
1,-0.4120810289205874,-0.487240187226823,2.115521091830981,0,0.2270061127816304,-0.5901284806919154,0.0399696029606837,-0.7300827726982342,-0.8670244885881488,-1.3067575813886545,0.2976825033714157,0.3557261254345222,0.2404315879599587
1,-0.4116799381912182,2.0853880013308026,-1.3770105907831784,0,-1.2400581773903327,-0.570202977690454,-1.7789316754918447,3.2840499861811745,-0.6373310900407126,0.016393100312108,-0.0718418062414296,0.3905583147526305,-0.6810000492753553
1,-0.3834419882618012,-0.487240187226823,-0.7196100111258387,0,-0.4374877127668467,2.8199790329867,0.3454881770757567,-0.4277144685576714,-0.17794429294584,-0.6006816570730008,-0.4875566545558815,0.3108166989552007,-1.1921285410548228
1,1.9883260778444365,-0.487240187226823,1.0149946225598254,0,0.9001297282722968,-3.0551978520155227,1.1163896954823946,-1.2427839210414906,1.6596028954336497,1.5294129381313657,0.8057784290890769,0.1483760173238974,1.4965473609084037
1,-0.4129506401251328,-0.487240187226823,-0.8668327573462186,0,-0.3425600234027784,-0.4506499596816884,-0.3579150517008069,0.4830471675044784,-0.5224843907669945,-1.0931547807553472,0.8057784290890769,0.4406158949990941,-0.4709472444344783
1,-0.389973372950486,-0.487240187226823,1.5674443336244186,0,0.5980870802957157,-0.8420437686389589,0.9742880331032908,-0.9530004450142072,-0.6373310900407126,0.1706617896583853,1.2676838161051334,0.3881485406488624,0.6353308610608079
1,-0.41882749124676,1.8710023189510008,-1.2953821374332648,0,-1.4299135561184688,0.2396263942974974,-1.3028911065218474,1.6679680967664825,-0.981871187861867,-0.6422155349739216,-1.4575579672895993,0.4167372243344796,-0.6193845598553646
1,1.6823810449725447,-0.487240187226823,1.0149946225598254,0,1.072725527116057,0.2125846402240859,1.1163896954823946,-0.9309651233366164,1.6596028954336497,1.5294129381313657,0.8057784290890769,-3.608352275264648,2.296148371336009
1,-0.4048520951373475,-0.487240187226823,-0.37560438629406,0,-0.2994110736918381,-0.224353175593667,0.5906135446797108,-0.7943366309520713,-0.5224843907669945,-0.1438090001628719,1.1291122000003162,0.3397339882004224,0.2012217310563283
1,1.7304654292238804,-0.487240187226823,1.0149946225598254,0,0.9777978377519888,-3.0551978520155227,1.1163896954823946,-1.2623022770964254,1.6596028954336497,1.5294129381313657,0.8057784290890769,0.4406158949990941,3.545262384123092
1,0.4548585625926928,-0.487240187226823,1.0149946225598254,0,1.3661383851504492,0.1883893865794541,1.0559964889712754,-0.764607942654287,1.6596028954336497,1.5294129381313657,0.8057784290890769,-0.5746657489931857,0.9322054919025804
1,-0.3817574071984505,-0.487240187226823,1.5674443336244186,0,0.5980870802957157,-0.658444490982639,0.9529727837464256,-0.6293091679571827,-0.6373310900407126,0.1706617896583853,1.2676838161051334,0.3506875068539156,0.3328548220899446
1,1.1519647134728053,-0.487240187226823,1.0149946225598254,0,0.6584956098910318,-3.446591660972792,1.1163896954823946,-1.084879945657892,1.6596028954336497,1.5294129381313657,0.8057784290890769,-2.4673242371302666,0.0947949766036173
1,-0.4058379645243187,-0.487240187226823,-0.6161167934857698,0,-0.9207559495293756,-0.3069016880282911,-1.015135240204162,0.914588046996436,-0.7521777893144308,-1.0397540805970205,-0.2566039610478532,0.3583549699113607,-0.4345380915953927
1,-0.3992926288537428,-0.487240187226823,-0.2108898286415559,0,0.2615252725503825,-0.8747785235699302,-1.4130198948656527,-0.4732098094351112,-0.4076376914932763,-0.1022751222619512,0.3438730420730204,0.4010736926599843,0.692745294383981
1,-0.4159349876680046,2.9429307308500112,-1.132125230733438,0,-1.3522454466387763,0.0076366093519151,-1.8037994664081876,1.3375332514374367,-0.6373310900407126,-0.4226793232119116,-1.0880336576767535,0.4406158949990941,-1.1179098833443797
1,-0.4183566456079353,3.371702095609616,-1.4469778365116757,3,-1.3263560768122125,2.331804209450905,-1.5551215572447563,0.99251900146395,-0.981871187861867,-1.2474234701016245,-2.242797125216896,0.4255000392572736,-1.3293630402175292
1,-0.4134342741640244,-0.487240187226823,-0.9688683240336106,0,-0.9121261595871878,0.4915416822445397,-0.4431760491282691,0.305197426809268,-0.7521777893144308,-0.956686324795179,0.0205392711617812,0.390229709193026,-0.8574444053416919
1,-0.4081387139545265,0.7990739070519898,-0.9047316821158212,0,-1.0933517483731363,0.1044176239304395,-0.5568573790315523,1.5388905012499048,-0.4076376914932763,-0.6422155349739216,-0.8570809641687254,0.1760884195172349,-0.2006793022058828
1,-0.4135888975466507,-0.487240187226823,-1.2647714674270474,0,-0.5755643518418551,2.2008651897270184,-0.531989588115209,-0.2829652002962556,-0.7521777893144308,-1.2770905257451393,-0.3027944997494579,0.3938443703486786,-1.1487176280543745
1,1.4237879698027065,-0.487240187226823,1.0149946225598254,0,1.072725527116057,-0.5531239751177738,0.9529727837464256,-0.8953951751975742,1.6596028954336497,1.5294129381313657,0.8057784290890769,-3.822712635313508,1.6435843242970176
1,-0.2544314458056496,-0.487240187226823,1.2307269635560247,0,2.7296451960161567,0.3207516565177309,1.1163896954823946,-0.9636381865137336,-0.5224843907669945,-0.0310741887175155,-1.7347011994992336,0.0836407220817526,-0.7370141305662559
1,-0.4091989885782502,0.0487240187226822,-0.476182302028775,0,-0.2648919139230861,-0.5630867266185038,-1.050660655798938,0.7863652699932132,-0.5224843907669945,-0.576948012558189,-1.5037485059912057,0.3705133756167382,0.4280787602844758
1,-0.4126413933598801,-0.487240187226823,-0.7545936339900874,0,-0.4806366624777868,-0.5004637171853411,-0.01331852043148,-0.2064589433509993,-0.5224843907669945,-0.766817168676684,0.3438730420730204,0.4406158949990941,-0.4163335151758501
1,-0.3302352684927825,-0.487240187226823,-0.4368257263064951,0,-0.1440748547324536,0.2994029033018802,0.9174473681516496,0.3132707127687298,-0.6373310900407126,-0.6006816570730008,1.1753027387019226,0.3424723678637957,0.0205763188931742
1,-0.2797292263015166,-0.487240187226823,1.2307269635560247,0,0.4341210713941431,-0.5830122296199651,0.9245524512706044,-0.6502047316169672,-0.5224843907669945,-0.0310741887175155,-1.7347011994992336,-0.7052316913428236,0.2488337001535938
1,-0.0340024441807478,-0.487240187226823,1.2307269635560247,3,2.7296451960161567,-1.2547863308120804,1.1163896954823946,-1.174635889560148,-0.5224843907669945,-0.0310741887175155,-1.7347011994992336,0.4406158949990941,1.9838698681392384
1,0.6954781227594935,-0.487240187226823,1.0149946225598254,0,1.1935425863066882,0.1698871337923833,1.1163896954823946,-1.0239028917052482,1.6596028954336497,1.5294129381313657,0.8057784290890769,0.212892242192972,1.0722406951298318
1,-0.4167313562176218,1.2278452718115942,-1.4411472327009676,0,-1.0847219584309482,0.9313259984910728,-1.2105250259754297,2.3730983904493894,-0.981871187861867,-0.4345461454693176,0.5748257355810487,0.3633935884919679,-0.9470669354071328
1,-0.3727020573693003,-0.487240187226823,-0.7196100111258387,3,-0.4115983429402826,-0.1716929176612344,0.8073185798078439,-0.3547699554180603,-0.17794429294584,-0.6006816570730008,-0.4875566545558815,0.4224330540342958,1.2332811788411713
1,-0.4059135323428955,-0.487240187226823,-1.2020924764619343,0,-0.9466453193559398,0.4844254311725897,-0.3827828426171502,-0.1423950447667965,-0.8670244885881488,-0.7846174020627928,-0.2104134223462469,0.0143049490051411,-0.8406401809544217
1,-0.4150595635543379,0.4131796787683459,-0.8012384644757524,0,-0.998424059009068,-0.2414321781663473,-0.1980506815243151,1.4340327636117138,-0.6373310900407126,-0.9804199693099908,-0.7646998867655144,0.4085220853443597,-0.4513423159826629
1,-0.4069307914391218,0.7990739070519898,-0.9047316821158212,0,-1.0933517483731363,0.87154948948669,-0.5071217971988661,1.2067460188941497,-0.4076376914932763,-0.6422155349739216,-0.8570809641687254,0.3787285146068581,-0.1782736696895227
1,1.3572534120003874,-0.487240187226823,1.0149946225598254,0,1.0036872075785528,0.5185834363179515,0.8783694109973958,-1.163570738803944,1.6596028954336497,1.5294129381313657,0.8057784290890769,0.0695106830187463,1.4825438405856783
1,0.6479645661838691,-0.487240187226823,1.0149946225598254,0,1.2539511159020047,-1.0654940522982004,1.1163896954823946,-1.0517319833066885,1.6596028954336497,1.5294129381313657,0.8057784290890769,0.4406158949990941,1.5329565137474892
1,-0.4123798124494219,-0.487240187226823,-1.0330049659513998,0,-0.3857089731137185,0.8188892315542573,0.2069390562561307,-0.4177890758192739,-0.5224843907669945,-0.6659491794887334,-0.8570809641687254,0.3789475849799278,-0.8028306760830639
1,-0.4052857381577959,-0.487240187226823,-0.6161167934857698,0,-0.9207559495293756,0.6907967122591497,-2.333128158770349,0.914588046996436,-0.7521777893144308,-1.0397540805970205,-0.2566039610478532,0.3147599656704584,-1.094103898795747
1,2.143519125564716,-0.487240187226823,1.0149946225598254,0,1.5991427135895258,-0.6641374918401999,0.8463965369620978,-0.9160057993529068,1.6596028954336497,1.5294129381313657,0.8057784290890769,0.3809192183375565,1.3243040609388843
1,0.1952586915630463,-0.487240187226823,1.0149946225598254,0,1.2539511159020047,-0.332520191887312,0.4946949225738158,-0.7727762084485663,1.6596028954336497,1.5294129381313657,0.8057784290890769,0.2377567295364012,0.8551861301275926
1,-0.3933983390047518,-0.487240187226823,-0.0797012429006232,0,-0.5669345618996671,0.0588736170699572,-0.5710675452694626,0.2658757751949461,-0.6373310900407126,-0.7786839909340899,0.0667298098633874,0.4183802521325033,-0.2356881030126957
1,-0.4129762169252665,0.3703025422923854,-1.1379558345441456,3,-0.9647678782345344,1.936140649850464,-0.6705387089348351,0.6728643673866568,-0.5224843907669945,-1.140622069784971,-1.642320122096022,0.2234076201003251,-1.3503683207016168
1,-0.4144991991150453,2.9429307308500112,-1.0927686550111575,0,-1.4040241862919047,-0.2513949296670786,-1.2993385649623697,2.5764502167930194,-0.981871187861867,-0.553214368043377,-0.949462041571938,0.3966922851985866,-0.8518429972126019
1,0.8394627191120957,-0.487240187226823,1.0149946225598254,0,1.072725527116057,0.7078757148318312,0.789555872010456,-0.9381835907827236,1.6596028954336497,1.5294129381313657,0.8057784290890769,-3.6705682612164887,1.8396336088151688
1,-0.4120740534296418,-0.487240187226823,-1.305585694102004,0,-0.8344580501074954,1.227362043084208,-0.5106743387583434,1.0766711351119913,-0.7521777893144308,-1.105021603012753,0.1129203485649922,0.4406158949990941,-1.0254866492143937
1,-0.4183136300804376,3.371702095609616,-1.0767344945317106,0,-1.3867646064075287,1.66429985890196,-1.2211826506538623,1.2067460188941497,-0.7521777893144308,-0.974486558181288,-1.1804147350799654,0.3249467380182064,-1.336364800378892
1,0.5388062709587571,-0.487240187226823,1.0149946225598254,0,1.3661383851504492,1.5774815958241657,1.0915219045660514,-0.637477433751462,1.6596028954336497,1.5294129381313657,0.8057784290890769,0.2102633977161335,0.5723150196085444
1,-0.4028187395267192,-0.487240187226823,-0.37560438629406,0,-0.2994110736918381,0.6295969530403775,0.4023288420273985,-0.4830877122561001,-0.5224843907669945,-0.1438090001628719,1.1291122000003162,0.4171753650806189,-0.4527426680149355
1,-0.3756747790939296,-0.487240187226823,-0.7196100111258387,0,-0.4374877127668467,2.498324484534542,0.6367965849529195,-0.2751293639238364,-0.17794429294584,-0.6006816570730008,-0.4875566545558815,0.3363383974178395,-1.3335640963143467
1,0.7497230280975751,-0.487240187226823,1.0149946225598254,0,0.2528954826081945,0.7804614757657252,0.913894826592172,-0.8105781827058127,1.6596028954336497,1.5294129381313657,0.8057784290890769,-3.0159859864837384,0.9854188691289364
1,-0.4037650811316657,-0.487240187226823,-0.0797012429006232,0,-0.5669345618996671,0.1286128775750713,-1.2886809402839363,0.0714045634067249,-0.6373310900407126,-0.7786839909340899,0.0667298098633874,0.3191413731318554,-0.4583440761440254
1,1.0037355308798346,-0.487240187226823,1.0149946225598254,0,0.2528954826081945,-0.6370957377667883,-0.3152845529870756,-0.8536040478780053,1.6596028954336497,1.5294129381313657,0.8057784290890769,-3.63683142376373,0.4252780562199306
1,-0.1510918726109519,-0.487240187226823,1.2307269635560247,0,0.4341210713941431,-0.575895978548015,1.0204710733764992,-0.6678709808929667,-0.5224843907669945,-0.0310741887175155,-1.7347011994992336,-0.0935872097317664,-0.0872507875918094
1,-0.4105836235309423,-0.487240187226823,-1.2020924764619343,0,-0.9466453193559398,2.1852094373687274,-1.1252640285479674,-0.1423950447667965,-0.8670244885881488,-0.7846174020627928,-0.2104134223462469,0.4037025371368221,-1.2719486068943562
1,-0.4158989476314526,2.9429307308500112,-0.9018163802104672,0,-1.2400581773903327,0.4915416822445397,-1.6048571390774429,0.6276539660136685,-0.6373310900407126,-0.968553147052585,0.3438730420730204,0.4406158949990941,-1.113708827247562
1,-0.3970802356421788,-0.487240187226823,-0.0797012429006232,0,-0.5669345618996671,-0.1460744138022122,-0.9298742427766996,0.0714045634067249,-0.6373310900407126,-0.7786839909340899,0.0667298098633874,0.4047978890021718,-0.4457409078535728
1,-0.4001389884218031,0.5846882246721876,-0.8755786630622807,0,-0.8776069998184355,-0.4534964601104683,0.8819219525568738,1.435837380473241,-0.17794429294584,-0.7371501130331691,0.5748257355810487,0.2344706739403531,0.2502340521858663
1,-0.3934471674413706,-0.487240187226823,-0.6161167934857698,0,-0.9207559495293756,-0.3624084463895035,0.6012711693581435,0.8996287230127267,-0.7521777893144308,-1.0397540805970205,-0.2566039610478532,0.3950492574005629,0.8607875382566825
1,-0.2587364863008791,-0.487240187226823,-0.4368257263064951,0,-0.1440748547324536,-0.4762684635407094,0.4769322147764278,0.0925850665709612,-0.6373310900407126,-0.6006816570730008,1.1753027387019226,-1.35904721976983,2.108501199011492
1,-0.3528649237019761,0.3703025422923854,-1.0446661735728158,0,0.1752273731285022,2.864099789632793,-0.0559490191452113,-0.6522467980655369,-0.5224843907669945,-0.8558183356072285,-2.5199403574265293,0.3052304044419193,-0.7300123704048931
1,-0.3920799712160426,-0.487240187226823,-0.5476071987099493,0,-0.532415402130915,-0.2869761850268297,-0.8836912025034909,0.7697437989002028,-0.5224843907669945,-0.7193498796470602,0.528635196879444,0.4406158949990941,0.0191759668609014
1,-0.4180346104426156,3.5860877779894174,-1.4090789117420728,0,-1.3090964969278365,1.2102830405115268,-1.942348587227814,1.8323307009176504,-0.7521777893144308,-0.0370075998462185,-0.6723188093623035,0.3026015599650808,-1.1487176280543745
1,0.2124753657984917,-0.487240187226823,1.0149946225598254,0,1.3661383851504492,0.5271229376042923,1.052443947411798,-0.6837801032248482,1.6596028954336497,1.5294129381313657,0.8057784290890769,-0.0151600161727552,0.7109498708035235
1,-0.308985597908984,-0.487240187226823,-0.4368257263064951,0,-0.1440748547324536,-0.338213192744873,0.718505040820904,0.3126533438424183,-0.6373310900407126,-0.6006816570730008,1.1753027387019226,-0.5508966135151053,0.6479340293512605
1,0.5849224041816227,-0.487240187226823,1.0149946225598254,0,1.1935425863066882,-0.1304186614439224,0.8535016200810526,-0.9516232374093578,1.6596028954336497,1.5294129381313657,0.8057784290890769,0.4406158949990941,0.3524597505417599
1,-0.3576710369634611,-0.487240187226823,-0.7196100111258387,0,-0.4374877127668467,-0.4321477068946176,-0.016871061990958,-0.0586703203754329,-0.17794429294584,-0.6006816570730008,-0.4875566545558815,0.2374281239767967,-0.1404641648181648
1,-0.3573094740161166,0.3703025422923854,-1.0446661735728158,0,0.7965722489660403,1.3070640550900523,0.4698271316574724,-0.7992280924451571,-0.5224843907669945,-0.8558183356072285,-2.5199403574265293,0.3957064685197726,-0.4289366834663027
1,-0.4147654303528005,1.7638094777610995,-0.8478832949614171,0,-1.2918369170434605,0.0432178647116674,-0.8161929128734167,1.6726695985899336,-0.4076376914932763,-0.6837494128748424,-0.8570809641687254,0.4406158949990941,-0.707606737888533
1,-0.2069109137390796,-0.487240187226823,1.2307269635560247,3,0.4341210713941431,2.159590933509705,1.052443947411798,-0.8331358934748981,-0.5224843907669945,-0.0310741887175155,-1.7347011994992336,0.3607647440151295,-1.503006692219321
1,0.6656206963488842,-0.487240187226823,1.0149946225598254,0,1.072725527116057,0.1357291286470215,0.9600778668653804,-0.867566083596134,1.6596028954336497,1.5294129381313657,0.8057784290890769,-3.241738005932232,1.600173411296569
1,-0.3910603869561678,-0.487240187226823,1.5674443336244186,0,0.5980870802957157,-0.6086307334789861,1.052443947411798,-1.0098458761523024,-0.6373310900407126,0.1706617896583853,1.2676838161051334,0.3873817943431179,1.213676250389356
1,-0.407281891150048,0.5846882246721876,-0.8755786630622807,0,-0.8776069998184355,0.2438961449406677,-0.0275286866693907,1.629121344326247,-0.17794429294584,-0.7371501130331691,0.5748257355810487,0.4406158949990941,-0.8294373646962416
1,-0.3552551919326517,-0.487240187226823,1.5674443336244186,0,0.5980870802957157,0.0716828689994683,1.052443947411798,-0.7998929512888775,-0.6373310900407126,0.1706617896583853,1.2676838161051334,0.4161895484018049,0.6031227643185401
1,-0.3822677806193001,-0.487240187226823,1.5674443336244186,0,0.5980870802957157,0.2083148895809155,1.0737591967686635,-0.9415078850013257,-0.6373310900407126,0.1706617896583853,1.2676838161051334,0.4406158949990941,0.3832674952517553
1,0.2461925638656395,-0.487240187226823,1.0149946225598254,0,-0.1958535943855819,1.1049625246466614,0.2993051368025481,-0.182571514894473,1.6596028954336497,1.5294129381313657,0.8057784290890769,0.4228711947804352,-0.7902275077926113
1,-0.3955433024705089,0.0487240187226822,-0.476182302028775,0,-0.2648919139230861,-0.9302852819311428,1.1163896954823946,1.086121628676303,-0.5224843907669945,-0.576948012558189,-1.5037485059912057,0.3281232584277196,2.41937935017599
1,-0.3848208103053719,-0.487240187226823,-0.5476071987099493,0,-0.532415402130915,0.038948114068497,-1.409467353306175,0.7697437989002028,-0.5224843907669945,-0.7193498796470602,0.528635196879444,0.4406158949990941,-0.9106577825680474
1,1.0999856801102037,-0.487240187226823,1.0149946225598254,0,0.2183763228394424,-0.813578764351157,-0.4218607997714034,-0.4612898401655523,1.6596028954336497,1.5294129381313657,0.8057784290890769,0.4406158949990941,0.2950453172185868
1,-0.4178334837870189,0.2631097011024844,-1.422197770316166,0,-1.1960462486851733,1.1661622838654349,-0.3223896361060309,2.577684954645642,-0.7521777893144308,-1.140622069784971,0.0667298098633874,0.4005260167273095,-0.6445908964362698
1,-0.4149665570083973,2.514159366090407,-1.2968397883859415,0,-1.3349858667544003,0.8345449839125483,-0.75224716480282,1.9151531168782503,-0.5224843907669945,-0.2980776895091492,-1.688510660797627,0.3744566423319959,-0.9218605988262276
1,-0.3459336108657463,-0.487240187226823,-0.4368257263064951,0,-0.1440748547324536,-0.2684739322397589,0.5657457537633676,0.3166899868221492,-0.6373310900407126,-0.6006816570730008,1.1753027387019226,0.2557205001281298,-0.3351130973040443
1,-0.1356551111484463,-0.487240187226823,1.2307269635560247,0,2.7296451960161567,-1.4412321088971791,0.9032372019137392,-0.9776477121492712,-0.5224843907669945,-0.0310741887175155,-1.7347011994992336,-2.9360253003132386,0.4882938976721938
1,-0.4161965685784629,2.7285450484702096,-1.1933465707458726,0,-1.0933517483731363,1.052302266714229,-1.87485029759774,0.7627152911237297,-0.7521777893144308,-0.9270192691516642,-0.0718418062414296,0.4265953911226232,-1.494604580025686
1,1.6570483870219503,-0.487240187226823,1.0149946225598254,0,1.0036872075785528,-0.0877211550122198,1.1163896954823946,-1.1440048928316002,1.6596028954336497,1.5294129381313657,0.8057784290890769,0.4060027760540561,1.2780924438738914
1,-0.0523072950036993,-0.487240187226823,1.0149946225598254,0,0.8656105685035445,-0.7481092544892132,-0.7238268323269991,-0.3459843206974691,1.6596028954336497,1.5294129381313657,0.8057784290890769,-0.2439790208442275,0.2068231391854185
1,0.9693114830635378,-0.487240187226823,1.0149946225598254,0,0.9001297282722968,-0.963020036862115,1.1163896954823946,-1.191922219496879,1.6596028954336497,1.5294129381313657,0.8057784290890769,-0.2692816489337968,-0.0732472672690841
1,-0.4148003078075282,-0.487240187226823,0.4013235714827959,3,-0.0405173754261974,-0.5645099768328943,-0.4467285906877467,-0.3243289183591472,-0.5224843907669945,-0.7846174020627928,-0.949462041571938,0.3957064685197726,0.1200013131845225
1,-0.3956432845073951,0.3703025422923854,-1.1379558345441456,0,-0.9647678782345344,0.7505732212635338,-1.292233481843414,0.1451564051422822,-0.5224843907669945,-1.140622069784971,-1.642320122096022,0.4406158949990941,-1.0927035467634747
1,0.6716358947075982,-0.487240187226823,1.0149946225598254,0,1.5991427135895258,-0.9359782827887038,0.8996846603542618,-0.9392758588831216,1.6596028954336497,1.5294129381313657,0.8057784290890769,0.4406158949990941,1.432131167423868
1,-0.4073609467140975,-0.487240187226823,0.1156239847580983,0,0.1579677932441262,0.7249547174045116,0.736267748618292,-0.6677760010581496,-0.981871187861867,-0.8024176354489018,1.1753027387019226,0.4028262556445428,-0.8644461655030544
1,-0.416566269598577,-0.487240187226823,-0.8668327573462186,0,-0.3425600234027784,-0.5545472253321643,-0.3188370945465533,0.8642962244607275,-0.5224843907669945,-1.0931547807553472,0.8057784290890769,0.4177230410132937,-0.2931025363358688
1,-0.3595799963188936,-0.487240187226823,-0.7196100111258387,3,-0.4115983429402826,0.4929649324589304,0.2815424290051601,0.1676191360765506,-0.17794429294584,-0.6006816570730008,-0.4875566545558815,0.3480586623770771,-0.4359384436276654
1,-0.3908057815366551,-0.487240187226823,-0.0797012429006232,0,-0.5669345618996671,-0.7139512493438513,0.1465458497450115,0.2658757751949461,-0.6373310900407126,-0.7786839909340899,0.0667298098633874,0.3587931106575006,0.7571614878685162
